Date,Close_sp500,Close_tbill,Close_msft
1993-11-01,469.1,3.06,2.52
1993-11-02,468.44,3.12,2.5
1993-11-03,463.02,3.08,2.45
1993-11-04,457.49,3.07,2.38
1993-11-05,459.57,3.07,2.45
1993-11-08,460.21,3.06,2.45
1993-11-09,460.33,3.11,2.44
1993-11-10,463.72,3.11,2.53
1993-11-12,465.39,3.11,2.55
1993-11-15,463.75,3.11,2.51
1993-11-16,466.74,3.09,2.56
1993-11-17,464.81,3.09,2.52
1993-11-18,463.62,3.1,2.5
1993-11-19,462.6,3.11,2.5
1993-11-22,459.13,3.12,2.4
1993-11-23,461.03,3.11,2.41
1993-11-24,462.36,3.11,2.45
1993-11-26,463.06,3.1,2.46
1993-11-29,461.9,3.11,2.48
1993-11-30,461.79,3.14,2.49
1993-12-01,461.89,3.11,2.54
1993-12-02,463.11,3.11,2.58
1993-12-03,464.89,3.11,2.67
1993-12-06,466.43,3.09,2.64
1993-12-07,466.76,3.08,2.66
1993-12-08,466.29,3.08,2.6
1993-12-09,464.18,3.05,2.53
1993-12-10,463.93,3.05,2.55
1993-12-13,465.7,3.04,2.53
1993-12-14,463.06,3.04,2.49
1993-12-15,461.84,3.03,2.48
1993-12-16,463.34,3.02,2.49
1993-12-17,466.38,3.03,2.51
1993-12-20,465.85,3.05,2.55
1993-12-21,465.3,3.07,2.57
1993-12-22,467.32,3.05,2.53
1993-12-23,467.38,3.05,2.52
1993-12-27,470.54,3.06,2.51
1993-12-28,470.94,3.06,2.58
1993-12-29,470.58,3.0,2.54
1993-12-30,468.64,2.98,2.53
1993-12-31,466.45,3.0,2.51
1994-01-03,465.44,3.03,2.5
1994-01-04,466.89,3.08,2.51
1994-01-05,467.55,3.07,2.56
1994-01-06,467.12,3.05,2.64
1994-01-07,469.9,3.01,2.66
1994-01-10,475.27,2.99,2.67
1994-01-11,474.13,2.97,2.66
1994-01-12,474.17,2.95,2.66
1994-01-13,472.47,2.95,2.66
1994-01-14,474.91,2.97,2.67
1994-01-18,474.25,2.96,2.64
1994-01-19,474.3,2.97,2.59
1994-01-20,474.98,2.94,2.69
1994-01-21,474.72,2.95,2.69
1994-01-24,471.97,2.94,2.66
1994-01-25,470.92,2.93,2.65
1994-01-26,473.2,2.92,2.62
1994-01-27,477.05,2.92,2.62
1994-01-28,478.7,2.94,2.64
1994-01-31,481.61,2.97,2.65
1994-02-01,479.62,3.03,2.65
1994-02-02,482.0,3.06,2.62
1994-02-03,480.71,3.14,2.63
1994-02-04,469.81,3.23,2.53
1994-02-07,471.76,3.22,2.52
1994-02-08,471.05,3.25,2.45
1994-02-09,472.77,3.25,2.48
1994-02-10,468.93,3.26,2.47
1994-02-11,470.18,3.25,2.45
1994-02-14,470.23,3.25,2.46
1994-02-15,472.52,3.27,2.48
1994-02-16,472.79,3.27,2.45
1994-02-17,470.34,3.27,2.45
1994-02-18,467.69,3.28,2.49
1994-02-22,471.46,3.29,2.48
1994-02-23,470.69,3.37,2.52
1994-02-24,464.26,3.36,2.49
1994-02-25,466.07,3.37,2.52
1994-02-28,467.14,3.36,2.57
1994-03-01,464.44,3.49,2.59
1994-03-02,464.81,3.47,2.58
1994-03-03,463.01,3.48,2.52
1994-03-04,464.74,3.53,2.52
1994-03-07,466.91,3.52,2.53
1994-03-08,465.88,3.54,2.52
1994-03-09,467.06,3.53,2.52
1994-03-10,463.9,3.49,2.52
1994-03-11,466.44,3.49,2.55
1994-03-14,467.39,3.52,2.61
1994-03-15,467.01,3.57,2.64
1994-03-16,469.42,3.53,2.64
1994-03-17,470.9,3.47,2.63
1994-03-18,471.06,3.47,2.64
1994-03-21,468.54,3.51,2.59
1994-03-22,468.8,3.54,2.64
1994-03-23,468.54,3.45,2.69
1994-03-24,464.35,3.45,2.72
1994-03-25,460.58,3.48,2.73
1994-03-28,460.0,3.5,2.69
1994-03-29,452.48,3.51,2.57
1994-03-30,445.55,3.49,2.6
1994-03-31,445.77,3.47,2.64
1994-04-04,438.92,3.65,2.63
1994-04-05,448.29,3.66,2.73
1994-04-06,448.05,3.6,2.77
1994-04-07,450.88,3.53,2.8
1994-04-08,447.1,3.55,2.71
1994-04-11,449.87,3.54,2.71
1994-04-12,447.57,3.56,2.64
1994-04-13,446.26,3.56,2.64
1994-04-14,446.38,3.58,2.62
1994-04-15,446.18,3.59,2.64
1994-04-18,442.46,3.69,2.59
1994-04-19,442.54,3.74,2.74
1994-04-20,441.96,3.74,2.79
1994-04-21,448.73,3.74,2.85
1994-04-22,447.63,3.74,2.86
1994-04-25,452.71,3.76,2.92
1994-04-26,451.87,3.88,2.96
1994-04-28,449.1,3.88,2.87
1994-04-29,450.91,3.86,2.88
1994-05-02,453.02,3.91,2.97
1994-05-03,453.03,4.04,2.91
1994-05-04,451.72,4.04,2.96
1994-05-05,451.38,4.02,2.94
1994-05-06,447.82,4.16,2.88
1994-05-09,442.32,4.24,2.87
1994-05-10,446.01,4.24,2.93
1994-05-11,441.49,4.22,2.91
1994-05-12,443.75,4.12,2.94
1994-05-13,444.14,4.11,3.01
1994-05-16,444.49,4.15,2.96
1994-05-17,449.37,4.19,2.95
1994-05-18,453.69,4.19,3.02
1994-05-19,456.48,4.13,3.06
1994-05-20,454.92,4.14,3.04
1994-05-23,453.2,4.16,3.15
1994-05-24,454.81,4.21,3.19
1994-05-25,456.34,4.18,3.27
1994-05-26,457.06,4.15,3.24
1994-05-27,457.33,4.17,3.26
1994-05-31,456.5,4.17,3.35
1994-06-01,457.63,4.18,3.3
1994-06-02,457.65,4.13,3.26
1994-06-03,460.13,4.11,3.29
1994-06-06,458.88,4.09,3.4
1994-06-07,458.21,4.13,3.34
1994-06-08,457.06,4.11,3.24
1994-06-09,457.86,4.11,3.26
1994-06-10,458.67,4.11,3.27
1994-06-13,459.1,4.11,3.29
1994-06-14,462.37,4.1,3.34
1994-06-15,460.61,4.12,3.38
1994-06-16,461.93,4.11,3.34
1994-06-17,458.45,4.11,3.3
1994-06-20,455.48,4.11,3.33
1994-06-21,451.34,4.18,3.28
1994-06-22,453.09,4.18,3.21
1994-06-23,449.63,4.15,3.12
1994-06-24,442.8,4.16,3.08
1994-06-27,447.31,4.14,3.23
1994-06-28,446.07,4.18,3.2
1994-06-29,447.63,4.13,3.2
1994-06-30,444.27,4.14,3.22
1994-07-01,446.2,4.19,3.13
1994-07-05,446.37,4.2,3.06
1994-07-06,446.13,4.29,3.01
1994-07-07,448.38,4.24,3.14
1994-07-08,449.55,4.37,3.08
1994-07-11,448.06,4.42,3.01
1994-07-12,447.95,4.45,2.99
1994-07-13,448.73,4.41,3.08
1994-07-14,453.41,4.3,3.04
1994-07-15,454.16,4.26,3.03
1994-07-18,455.22,4.23,3.15
1994-07-19,453.86,4.25,3.12
1994-07-20,451.6,4.31,3.01
1994-07-21,452.61,4.33,2.97
1994-07-22,453.11,4.37,3.15
1994-07-25,454.25,4.38,3.19
1994-07-26,453.36,4.41,3.14
1994-07-27,452.57,4.45,3.08
1994-07-28,454.24,4.41,3.08
1994-07-29,458.26,4.27,3.21
1994-08-01,461.01,4.28,3.33
1994-08-02,460.56,4.32,3.29
1994-08-03,461.45,4.34,3.33
1994-08-04,458.4,4.32,3.29
1994-08-05,457.09,4.46,3.27
1994-08-08,457.89,4.45,3.3
1994-08-09,457.92,4.45,3.33
1994-08-10,460.3,4.35,3.37
1994-08-11,458.88,4.34,3.44
1994-08-12,461.94,4.36,3.44
1994-08-15,461.23,4.45,3.39
1994-08-16,465.01,4.62,3.42
1994-08-17,465.17,4.56,3.48
1994-08-18,463.17,4.58,3.46
1994-08-19,463.68,4.55,3.42
1994-08-22,462.32,4.54,3.4
1994-08-23,464.51,4.57,3.46
1994-08-24,469.03,4.53,3.47
1994-08-25,468.08,4.55,3.5
1994-08-26,473.8,4.54,3.54
1994-08-29,474.59,4.56,3.55
1994-08-30,476.07,4.59,3.64
1994-08-31,475.49,4.56,3.62
1994-09-01,473.17,4.54,3.5
1994-09-02,470.99,4.56,3.49
1994-09-06,471.86,4.55,3.49
1994-09-07,470.99,4.54,3.54
1994-09-08,473.14,4.54,3.61
1994-09-09,468.18,4.57,3.54
1994-09-12,466.21,4.58,3.5
1994-09-13,467.51,4.6,3.59
1994-09-14,468.8,4.58,3.59
1994-09-15,474.81,4.58,3.63
1994-09-16,471.19,4.62,3.54
1994-09-19,470.85,4.58,3.54
1994-09-20,463.36,4.61,3.49
1994-09-21,461.46,4.81,3.57
1994-09-22,461.27,4.78,3.55
1994-09-23,459.67,4.78,3.49
1994-09-26,460.82,4.77,3.46
1994-09-27,462.05,4.73,3.52
1994-09-28,464.84,4.52,3.55
1994-09-29,462.24,4.56,3.52
1994-09-30,462.71,4.67,3.5
1994-10-03,461.74,4.72,3.48
1994-10-04,454.59,4.94,3.43
1994-10-05,453.52,4.96,3.46
1994-10-06,452.36,4.95,3.4
1994-10-07,455.1,4.87,3.39
1994-10-11,465.79,4.86,3.48
1994-10-12,465.47,4.98,3.5
1994-10-13,467.79,4.9,3.57
1994-10-14,469.1,4.85,3.49
1994-10-17,468.96,4.85,3.43
1994-10-18,467.66,4.89,3.53
1994-10-19,470.28,4.91,3.59
1994-10-20,466.85,5.0,3.71
1994-10-21,464.89,5.0,3.7
1994-10-24,460.83,5.02,3.67
1994-10-25,461.53,5.05,3.72
1994-10-26,462.62,5.0,3.8
1994-10-27,465.85,4.97,3.84
1994-10-28,473.77,5.01,3.87
1994-10-31,472.35,5.02,3.92
1994-11-01,468.42,5.08,3.91
1994-11-02,466.51,5.08,3.92
1994-11-03,467.91,5.09,3.9
1994-11-04,462.28,5.17,3.83
1994-11-07,463.07,5.22,3.86
1994-11-08,465.65,5.23,3.96
1994-11-09,465.4,5.18,3.97
1994-11-10,464.37,5.22,3.97
1994-11-11,462.35,5.23,3.88
1994-11-14,466.04,5.29,4.02
1994-11-15,465.03,5.36,4.02
1994-11-16,465.62,5.37,4.03
1994-11-17,463.57,5.35,4.0
1994-11-18,461.47,5.34,3.99
1994-11-21,458.3,5.34,3.96
1994-11-22,450.09,5.34,3.86
1994-11-23,449.93,5.29,3.83
1994-11-25,452.29,5.28,3.88
1994-11-28,454.16,5.37,3.95
1994-11-29,455.17,5.52,3.99
1994-11-30,453.69,5.55,3.92
1994-12-01,448.92,5.55,3.9
1994-12-02,453.3,5.62,3.94
1994-12-05,453.32,5.79,3.94
1994-12-06,453.11,5.78,3.95
1994-12-07,451.23,5.7,3.92
1994-12-08,445.45,5.67,3.89
1994-12-09,446.96,5.65,3.93
1994-12-12,449.47,5.72,3.93
1994-12-13,450.15,5.78,3.91
1994-12-14,454.97,5.66,3.94
1994-12-15,455.34,5.53,3.96
1994-12-16,458.8,5.54,3.95
1994-12-19,457.91,5.55,3.9
1994-12-20,457.1,5.47,3.73
1994-12-21,459.61,5.41,3.83
1994-12-22,459.68,5.45,3.78
1994-12-23,459.83,5.52,3.79
1994-12-27,462.47,5.52,3.78
1994-12-28,460.86,5.51,3.8
1994-12-29,461.17,5.5,3.85
1994-12-30,459.27,5.53,3.81
1995-01-03,459.11,5.52,3.75
1995-01-04,460.71,5.69,3.78
1995-01-05,460.34,5.71,3.71
1995-01-06,460.68,5.74,3.78
1995-01-09,460.83,5.75,3.75
1995-01-10,461.68,5.74,3.8
1995-01-11,461.66,5.65,3.82
1995-01-12,461.64,5.61,3.82
1995-01-13,465.97,5.56,3.91
1995-01-16,469.38,5.56,3.99
1995-01-17,470.05,5.61,4.03
1995-01-18,469.71,5.72,4.05
1995-01-19,466.95,5.71,3.96
1995-01-20,464.78,5.74,3.84
1995-01-23,465.82,5.75,3.91
1995-01-24,465.86,5.8,3.86
1995-01-25,467.44,5.77,3.85
1995-01-26,468.32,5.76,3.73
1995-01-27,470.39,5.75,3.73
1995-01-30,468.51,5.72,3.68
1995-01-31,470.42,5.84,3.7
1995-02-01,470.4,5.88,3.68
1995-02-02,472.79,5.84,3.68
1995-02-03,478.65,5.79,3.75
1995-02-06,481.14,5.79,3.79
1995-02-07,480.81,5.8,3.8
1995-02-08,481.19,5.76,3.86
1995-02-09,480.19,5.77,3.86
1995-02-10,481.46,5.8,3.86
1995-02-13,481.65,5.78,3.86
1995-02-14,482.55,5.79,3.86
1995-02-15,484.54,5.76,3.78
1995-02-16,485.22,5.68,3.79
1995-02-17,481.97,5.69,3.76
1995-02-21,482.72,5.73,3.72
1995-02-22,485.07,5.68,3.83
1995-02-23,486.91,5.7,3.84
1995-02-24,488.11,5.72,3.82
1995-02-27,483.81,5.72,3.85
1995-02-28,487.39,5.75,3.92
1995-03-01,485.65,5.75,3.94
1995-03-02,485.13,5.74,3.97
1995-03-03,485.42,5.71,3.96
1995-03-06,485.63,5.74,4.01
1995-03-07,482.12,5.78,4.07
1995-03-08,483.14,5.77,4.27
1995-03-09,483.16,5.73,4.23
1995-03-10,489.57,5.76,4.27
1995-03-13,490.05,5.74,4.3
1995-03-14,492.89,5.74,4.47
1995-03-15,491.88,5.74,4.39
1995-03-16,495.41,5.73,4.37
1995-03-17,495.52,5.73,4.36
1995-03-20,496.14,5.72,4.43
1995-03-21,495.07,5.73,4.39
1995-03-22,495.67,5.72,4.42
1995-03-23,495.95,5.69,4.53
1995-03-24,500.97,5.66,4.6
1995-03-27,503.2,5.66,4.55
1995-03-28,503.9,5.69,4.59
1995-03-29,503.12,5.66,4.5
1995-03-30,502.22,5.68,4.49
1995-03-31,500.71,5.7,4.43
1995-04-03,501.85,5.69,4.36
1995-04-04,505.24,5.72,4.35
1995-04-05,505.57,5.69,4.4
1995-04-06,506.08,5.65,4.36
1995-04-07,506.42,5.67,4.34
1995-04-10,507.01,5.65,4.42
1995-04-11,505.53,5.65,4.49
1995-04-12,507.17,5.64,4.46
1995-04-13,509.23,5.59,4.52
1995-04-17,506.13,5.6,4.82
1995-04-18,505.37,5.6,4.78
1995-04-19,504.92,5.6,4.74
1995-04-20,505.29,5.59,4.69
1995-04-21,508.49,5.61,4.67
1995-04-24,512.89,5.62,4.84
1995-04-25,512.1,5.66,4.98
1995-04-26,512.66,5.67,4.96
1995-04-27,513.55,5.68,4.9
1995-04-28,514.71,5.69,5.09
1995-05-01,514.26,5.7,5.12
1995-05-02,514.86,5.69,4.96
1995-05-03,520.48,5.65,5.04
1995-05-04,520.54,5.58,5.08
1995-05-05,520.12,5.56,4.98
1995-05-08,523.96,5.57,4.98
1995-05-09,523.56,5.62,4.97
1995-05-10,524.36,5.63,4.94
1995-05-11,524.37,5.66,5.07
1995-05-12,525.55,5.69,5.03
1995-05-15,527.74,5.69,5.07
1995-05-16,528.19,5.69,5.29
1995-05-17,527.07,5.67,5.36
1995-05-18,519.58,5.69,5.27
1995-05-19,519.19,5.68,5.32
1995-05-22,523.65,5.72,5.44
1995-05-23,528.59,5.72,5.51
1995-05-24,528.61,5.69,5.45
1995-05-25,528.59,5.66,5.56
1995-05-26,523.65,5.66,5.45
1995-05-30,523.58,5.64,5.17
1995-05-31,533.4,5.63,5.28
1995-06-01,533.49,5.51,5.24
1995-06-02,532.51,5.42,5.18
1995-06-05,535.6,5.51,5.28
1995-06-06,535.55,5.53,5.18
1995-06-07,533.13,5.56,5.23
1995-06-08,532.35,5.59,5.24
1995-06-09,527.94,5.59,5.29
1995-06-12,530.88,5.56,5.22
1995-06-13,536.05,5.44,5.23
1995-06-14,536.47,5.44,5.22
1995-06-15,537.12,5.47,5.29
1995-06-16,539.83,5.49,5.42
1995-06-19,545.22,5.46,5.6
1995-06-20,544.98,5.48,5.69
1995-06-21,543.98,5.43,5.64
1995-06-22,551.07,5.36,5.72
1995-06-23,549.71,5.37,5.68
1995-06-26,544.13,5.37,5.59
1995-06-27,542.43,5.37,5.41
1995-06-28,544.73,5.4,5.47
1995-06-29,543.87,5.5,5.57
1995-06-30,544.75,5.43,5.63
1995-07-03,547.09,5.44,5.67
1995-07-05,547.26,5.5,5.65
1995-07-06,553.99,5.37,5.78
1995-07-07,556.37,5.36,5.96
1995-07-10,557.19,5.35,6.16
1995-07-11,554.78,5.38,6.01
1995-07-12,560.89,5.38,6.22
1995-07-13,561.0,5.38,6.24
1995-07-14,559.89,5.43,6.46
1995-07-17,562.72,5.44,6.79
1995-07-18,558.46,5.44,6.35
1995-07-19,550.98,5.41,5.89
1995-07-20,553.54,5.43,5.99
1995-07-21,553.62,5.43,5.73
1995-07-24,556.63,5.44,5.83
1995-07-25,561.1,5.44,6.0
1995-07-26,561.61,5.45,5.98
1995-07-27,565.22,5.4,6.01
1995-07-28,562.93,5.41,5.77
1995-07-31,562.06,5.42,5.64
1995-08-01,559.64,5.44,5.58
1995-08-02,558.8,5.41,5.54
1995-08-03,558.75,5.41,5.68
1995-08-04,558.94,5.4,5.85
1995-08-07,560.03,5.39,5.83
1995-08-08,560.39,5.38,5.83
1995-08-09,559.71,5.38,6.01
1995-08-10,557.45,5.39,5.86
1995-08-11,555.11,5.42,6.01
1995-08-14,559.74,5.42,6.15
1995-08-15,558.57,5.46,6.13
1995-08-16,559.97,5.42,6.15
1995-08-17,559.04,5.43,6.18
1995-08-18,559.21,5.43,6.05
1995-08-21,558.11,5.43,5.89
1995-08-22,559.52,5.45,6.19
1995-08-23,557.14,5.43,6.1
1995-08-24,557.46,5.34,5.99
1995-08-25,560.1,5.34,5.88
1995-08-28,559.05,5.31,5.61
1995-08-29,560.0,5.33,5.72
1995-08-30,560.92,5.3,5.81
1995-08-31,561.88,5.27,5.76
1995-09-01,563.84,5.27,5.59
1995-09-05,569.17,5.29,5.92
1995-09-06,570.17,5.32,5.83
1995-09-07,570.29,5.34,5.89
1995-09-08,572.68,5.35,5.95
1995-09-11,573.91,5.34,6.08
1995-09-12,576.51,5.3,6.0
1995-09-13,578.77,5.3,5.99
1995-09-14,583.61,5.27,5.91
1995-09-15,583.35,5.29,5.82
1995-09-18,582.77,5.28,5.73
1995-09-19,584.2,5.19,5.81
1995-09-20,586.77,5.17,5.8
1995-09-21,583.0,5.23,5.65
1995-09-22,581.73,5.2,5.59
1995-09-25,581.81,5.24,5.62
1995-09-26,581.41,5.28,5.5
1995-09-27,581.04,5.26,5.52
1995-09-28,585.87,5.26,5.7
1995-09-29,584.41,5.24,5.64
1995-10-02,581.72,5.25,5.5
1995-10-03,582.34,5.34,5.54
1995-10-04,581.47,5.31,5.37
1995-10-05,582.63,5.27,5.45
1995-10-06,582.49,5.29,5.35
1995-10-10,577.52,5.27,5.22
1995-10-11,579.46,5.3,5.4
1995-10-12,583.1,5.29,5.46
1995-10-13,584.5,5.29,5.37
1995-10-16,583.03,5.32,5.4
1995-10-17,586.78,5.27,5.68
1995-10-18,587.44,5.24,5.96
1995-10-19,590.65,5.24,6.03
1995-10-20,587.46,5.26,5.95
1995-10-23,585.06,5.27,6.0
1995-10-24,586.54,5.21,6.07
1995-10-25,582.47,5.22,5.97
1995-10-26,576.72,5.22,6.11
1995-10-27,579.7,5.24,6.23
1995-10-30,583.25,5.27,6.4
1995-10-31,581.5,5.31,6.23
1995-11-01,584.22,5.32,6.13
1995-11-02,589.72,5.31,6.23
1995-11-03,590.57,5.31,6.2
1995-11-06,588.46,5.34,6.07
1995-11-07,586.32,5.37,5.79
1995-11-08,591.71,5.35,5.93
1995-11-09,593.26,5.39,6.17
1995-11-10,592.72,5.41,6.03
1995-11-13,592.3,5.42,6.0
1995-11-14,589.29,5.38,5.86
1995-11-15,593.96,5.39,5.86
1995-11-16,597.34,5.34,5.6
1995-11-17,600.07,5.34,5.44
1995-11-20,596.85,5.35,5.36
1995-11-21,600.24,5.35,5.48
1995-11-22,598.4,5.35,5.44
1995-11-24,599.97,5.32,5.48
1995-11-27,601.32,5.33,5.44
1995-11-28,606.45,5.36,5.7
1995-11-29,607.64,5.34,5.59
1995-11-30,605.37,5.32,5.43
1995-12-01,606.98,5.29,5.37
1995-12-04,613.68,5.31,5.47
1995-12-05,617.68,5.3,5.36
1995-12-06,620.18,5.31,5.65
1995-12-07,616.17,5.34,5.64
1995-12-08,617.48,5.35,5.89
1995-12-11,619.52,5.32,5.8
1995-12-12,618.78,5.25,5.69
1995-12-13,621.69,5.26,5.72
1995-12-14,616.92,5.26,5.53
1995-12-15,616.34,5.21,5.51
1995-12-18,606.81,5.2,5.42
1995-12-19,611.93,5.07,5.66
1995-12-20,605.94,5.0,5.43
1995-12-21,610.49,4.91,5.61
1995-12-22,611.95,4.88,5.64
1995-12-26,614.3,4.86,5.62
1995-12-27,614.53,4.9,5.54
1995-12-28,614.12,4.83,5.44
1995-12-29,615.93,4.96,5.47
1996-01-02,620.73,4.97,5.59
1996-01-03,621.32,5.05,5.41
1996-01-04,617.7,5.03,5.44
1996-01-05,616.71,5.04,5.38
1996-01-08,618.46,5.03,5.37
1996-01-09,609.45,5.01,5.0
1996-01-10,598.48,5.04,5.13
1996-01-11,602.69,5.03,5.4
1996-01-12,601.81,5.02,5.34
1996-01-16,608.44,5.0,5.38
1996-01-17,606.37,4.99,5.29
1996-01-18,608.24,4.95,5.46
1996-01-19,611.83,4.96,5.72
1996-01-22,613.4,4.98,5.73
1996-01-23,612.79,4.97,5.58
1996-01-24,619.96,4.98,5.68
1996-01-25,617.03,4.97,5.57
1996-01-26,621.62,4.97,5.64
1996-01-29,624.22,5.0,5.63
1996-01-30,630.15,4.99,5.66
1996-01-31,636.02,4.91,5.76
1996-02-01,638.46,4.89,5.86
1996-02-02,635.84,4.84,5.79
1996-02-05,641.43,4.87,6.05
1996-02-06,646.33,4.84,6.01
1996-02-07,649.93,4.8,6.03
1996-02-08,656.07,4.78,6.16
1996-02-09,656.37,4.79,6.24
1996-02-12,661.45,4.79,6.2
1996-02-13,660.51,4.79,6.21
1996-02-14,655.58,4.8,6.15
1996-02-15,651.32,4.77,6.14
1996-02-16,647.98,4.76,6.1
1996-02-20,640.65,4.83,6.09
1996-02-21,648.1,4.82,6.22
1996-02-22,658.86,4.8,6.39
1996-02-23,659.08,4.83,6.45
1996-02-26,650.46,4.85,6.27
1996-02-27,647.24,4.88,6.24
1996-02-28,644.75,4.88,6.24
1996-02-29,640.43,4.88,6.15
1996-03-01,644.37,4.86,5.95
1996-03-04,650.81,4.88,6.0
1996-03-05,655.79,4.89,6.11
1996-03-06,652.0,4.89,6.04
1996-03-07,653.65,4.89,6.06
1996-03-08,633.5,4.91,5.93
1996-03-11,640.02,4.95,6.01
1996-03-12,637.09,4.95,5.97
1996-03-13,638.55,4.96,6.28
1996-03-14,640.87,4.97,6.21
1996-03-15,641.43,5.0,6.38
1996-03-18,652.65,5.03,6.56
1996-03-19,651.69,5.03,6.66
1996-03-20,649.98,5.03,6.52
1996-03-21,649.19,4.94,6.28
1996-03-22,650.62,4.97,6.3
1996-03-25,650.04,4.93,6.22
1996-03-26,652.97,5.0,6.4
1996-03-27,648.91,5.02,6.39
1996-03-28,648.94,5.05,6.37
1996-03-29,645.5,5.0,6.42
1996-04-01,653.73,5.03,6.4
1996-04-02,655.26,5.02,6.52
1996-04-03,655.88,5.0,6.51
1996-04-04,655.86,4.98,6.5
1996-04-08,644.24,5.02,6.46
1996-04-09,642.19,4.98,6.33
1996-04-10,633.5,4.95,6.33
1996-04-11,631.18,4.94,6.3
1996-04-12,636.71,4.93,6.3
1996-04-15,642.49,4.87,6.45
1996-04-16,645.0,4.82,6.56
1996-04-17,641.61,4.83,6.6
1996-04-18,643.61,4.85,6.79
1996-04-19,645.07,4.88,6.84
1996-04-22,647.89,4.88,7.02
1996-04-23,651.58,4.96,7.02
1996-04-24,650.17,5.0,6.95
1996-04-25,652.87,4.97,7.02
1996-04-26,653.46,4.97,7.07
1996-04-29,654.16,5.0,7.02
1996-04-30,654.17,5.01,7.06
1996-05-01,654.58,4.97,7.17
1996-05-02,643.38,4.99,6.95
1996-05-03,641.63,5.0,6.91
1996-05-06,640.81,4.99,6.96
1996-05-07,638.26,5.01,7.05
1996-05-08,644.77,4.99,7.12
1996-05-09,645.44,4.99,7.07
1996-05-10,652.09,4.99,7.16
1996-05-13,661.51,5.02,7.39
1996-05-14,665.6,5.01,7.41
1996-05-15,665.42,5.0,7.33
1996-05-16,664.85,5.0,7.3
1996-05-17,668.91,5.01,7.29
1996-05-20,673.15,5.01,7.27
1996-05-21,672.76,5.04,7.17
1996-05-22,678.42,5.04,7.28
1996-05-23,676.0,5.04,7.38
1996-05-24,678.51,5.03,7.38
1996-05-28,672.23,5.04,7.3
1996-05-29,667.93,5.03,7.3
1996-05-30,671.7,5.04,7.37
1996-05-31,669.12,5.04,7.4
1996-06-03,667.68,5.08,7.37
1996-06-04,672.56,5.08,7.34
1996-06-05,678.44,5.08,7.53
1996-06-06,673.03,5.07,7.46
1996-06-07,673.31,5.12,7.55
1996-06-10,672.16,5.14,7.51
1996-06-11,670.97,5.13,7.61
1996-06-12,669.04,5.12,7.79
1996-06-13,667.92,5.09,7.76
1996-06-14,665.85,5.07,7.66
1996-06-17,665.16,5.05,7.76
1996-06-18,662.06,5.07,7.62
1996-06-19,661.96,5.09,7.58
1996-06-20,662.1,5.12,7.58
1996-06-21,666.84,5.12,7.72
1996-06-24,668.85,5.12,7.73
1996-06-25,668.48,5.09,7.6
1996-06-26,664.39,5.1,7.51
1996-06-27,668.55,5.05,7.47
1996-06-28,670.63,5.03,7.48
1996-07-01,675.88,5.07,7.62
1996-07-02,673.61,5.18,7.58
1996-07-03,672.4,5.11,7.55
1996-07-05,657.44,5.15,7.37
1996-07-08,652.54,5.16,7.5
1996-07-09,654.75,5.19,7.48
1996-07-10,656.06,5.15,7.44
1996-07-11,645.67,5.11,7.13
1996-07-12,646.19,5.14,7.0
1996-07-15,629.8,5.15,6.89
1996-07-16,628.37,5.11,7.19
1996-07-17,634.07,5.12,7.3
1996-07-18,643.56,5.11,7.47
1996-07-19,638.73,5.14,7.54
1996-07-22,633.77,5.15,7.46
1996-07-23,626.87,5.16,6.99
1996-07-24,626.65,5.16,7.15
1996-07-25,631.17,5.15,7.38
1996-07-26,635.9,5.15,7.42
1996-07-29,630.91,5.21,7.28
1996-07-30,635.26,5.19,7.39
1996-07-31,639.95,5.18,7.34
1996-08-01,650.02,5.1,7.51
1996-08-02,662.49,5.06,7.69
1996-08-05,660.23,5.04,7.58
1996-08-06,662.38,5.06,7.73
1996-08-07,664.16,5.04,7.77
1996-08-08,662.59,5.01,7.8
1996-08-09,662.1,5.01,7.76
1996-08-12,665.77,5.01,7.8
1996-08-13,660.2,5.03,7.69
1996-08-14,662.05,5.02,7.78
1996-08-15,662.28,5.05,7.79
1996-08-16,665.21,5.04,7.74
1996-08-19,666.58,5.04,7.69
1996-08-20,665.69,5.03,7.69
1996-08-21,665.07,5.0,7.69
1996-08-22,670.68,4.99,7.79
1996-08-23,667.03,5.01,7.68
1996-08-26,663.88,5.06,7.65
1996-08-27,666.4,5.06,7.77
1996-08-28,664.81,5.06,7.83
1996-08-29,657.4,5.1,7.73
1996-08-30,651.99,5.14,7.63
1996-09-03,654.72,5.18,7.69
1996-09-04,655.61,5.18,7.69
1996-09-05,649.44,5.21,7.57
1996-09-06,655.68,5.19,7.63
1996-09-09,663.76,5.13,7.78
1996-09-10,663.81,5.15,7.75
1996-09-11,667.28,5.16,7.79
1996-09-12,671.15,5.14,8.01
1996-09-13,680.54,5.06,8.16
1996-09-16,683.98,5.04,8.19
1996-09-17,682.94,5.17,8.34
1996-09-18,681.47,5.15,8.5
1996-09-19,683.0,5.11,8.58
1996-09-20,687.03,5.14,8.61
1996-09-23,686.48,5.15,8.58
1996-09-24,685.61,5.02,8.53
1996-09-25,685.83,4.94,8.45
1996-09-26,685.86,4.87,8.22
1996-09-27,686.19,4.9,8.37
1996-09-30,687.33,4.91,8.22
1996-10-01,689.08,4.97,8.23
1996-10-02,694.01,4.9,8.39
1996-10-03,692.78,4.9,8.35
1996-10-04,701.46,4.87,8.5
1996-10-07,703.34,4.92,8.57
1996-10-08,700.64,4.98,8.43
1996-10-09,696.74,4.98,8.38
1996-10-10,694.61,5.01,8.33
1996-10-11,700.66,5.0,8.54
1996-10-15,702.57,5.04,8.65
1996-10-16,704.41,5.0,8.6
1996-10-17,706.99,4.97,8.44
1996-10-18,710.82,4.97,8.39
1996-10-21,709.85,4.99,8.35
1996-10-22,706.57,4.99,8.25
1996-10-23,707.27,4.98,8.38
1996-10-24,702.29,4.99,8.51
1996-10-25,700.92,4.99,8.5
1996-10-28,697.26,5.02,8.51
1996-10-29,701.5,5.01,8.43
1996-10-30,700.9,5.01,8.49
1996-10-31,705.27,5.01,8.55
1996-11-01,703.77,5.02,8.56
1996-11-04,706.73,5.01,8.6
1996-11-05,714.14,5.02,8.82
1996-11-06,724.59,5.02,9.0
1996-11-07,727.65,5.01,8.94
1996-11-08,730.82,5.03,8.94
1996-11-11,731.87,5.03,8.95
1996-11-12,729.56,5.03,8.83
1996-11-13,731.13,5.02,9.03
1996-11-14,735.88,5.02,9.32
1996-11-15,737.62,5.0,9.28
1996-11-18,737.02,5.02,9.37
1996-11-19,742.16,5.02,9.71
1996-11-20,743.95,5.02,9.55
1996-11-21,742.75,5.02,9.37
1996-11-22,748.73,5.02,9.38
1996-11-25,757.03,5.02,9.56
1996-11-26,755.96,5.02,9.58
1996-11-27,755.0,5.01,9.69
1996-11-29,757.02,4.99,9.77
1996-12-02,756.56,4.94,9.83
1996-12-03,748.28,4.91,9.64
1996-12-04,745.1,4.89,9.55
1996-12-05,744.38,4.9,9.53
1996-12-06,739.6,4.89,9.52
1996-12-09,749.76,4.85,10.19
1996-12-10,747.54,4.81,10.2
1996-12-11,740.73,4.81,10.39
1996-12-12,729.3,4.83,10.09
1996-12-13,728.64,4.79,9.97
1996-12-16,720.98,4.85,9.56
1996-12-17,726.04,4.88,9.95
1996-12-18,731.54,4.87,10.29
1996-12-19,745.76,4.85,10.57
1996-12-20,748.87,4.88,10.42
1996-12-23,746.92,4.96,10.44
1996-12-24,751.03,4.95,10.57
1996-12-26,755.82,4.96,10.65
1996-12-27,756.79,4.96,10.5
1996-12-30,753.85,5.03,10.4
1996-12-31,740.74,5.05,10.29
1997-01-02,737.01,5.05,10.17
1997-01-03,748.03,5.03,10.54
1997-01-06,747.65,5.03,10.51
1997-01-07,753.23,5.01,10.59
1997-01-08,748.41,5.01,10.39
1997-01-09,754.85,4.99,10.26
1997-01-10,759.5,5.02,10.5
1997-01-13,759.51,5.03,10.44
1997-01-14,768.86,5.03,10.64
1997-01-15,767.2,5.0,10.54
1997-01-16,769.75,5.03,10.72
1997-01-17,776.17,5.02,10.86
1997-01-20,776.7,5.02,11.31
1997-01-21,782.72,5.02,11.84
1997-01-22,786.23,5.02,12.13
1997-01-23,777.56,5.02,11.81
1997-01-24,770.52,5.02,11.95
1997-01-27,765.02,5.05,11.98
1997-01-28,765.02,5.04,11.91
1997-01-29,772.5,5.04,12.12
1997-01-30,784.17,5.03,12.6
1997-01-31,786.16,5.01,12.71
1997-02-03,786.73,4.97,12.76
1997-02-04,789.26,5.0,12.85
1997-02-05,778.28,4.99,12.26
1997-02-06,780.15,5.0,12.1
1997-02-07,789.56,4.99,12.51
1997-02-10,785.43,4.99,12.18
1997-02-11,789.59,5.01,12.27
1997-02-12,802.77,5.01,12.44
1997-02-13,811.82,4.99,12.46
1997-02-14,808.48,4.96,12.19
1997-02-18,816.29,4.96,12.13
1997-02-19,812.49,4.97,12.15
1997-02-20,802.8,4.95,11.87
1997-02-21,801.77,4.95,11.84
1997-02-24,810.28,4.97,12.47
1997-02-25,812.03,5.0,12.4
1997-02-26,805.68,5.06,12.49
1997-02-27,795.07,5.07,11.98
1997-02-28,790.82,5.07,12.15
1997-03-03,795.31,5.09,12.4
1997-03-04,790.95,5.08,12.35
1997-03-05,801.99,5.06,12.57
1997-03-06,798.56,5.07,12.18
1997-03-07,804.97,5.08,12.06
1997-03-10,813.65,5.05,12.46
1997-03-11,811.34,5.03,12.26
1997-03-12,804.26,5.06,12.3
1997-03-13,789.56,5.1,12.41
1997-03-14,793.17,5.09,12.34
1997-03-17,795.71,5.12,12.52
1997-03-18,789.66,5.13,12.41
1997-03-19,785.77,5.15,12.06
1997-03-20,782.65,5.19,11.96
1997-03-21,784.1,5.26,11.71
1997-03-24,790.89,5.25,11.23
1997-03-25,789.07,5.25,11.25
1997-03-26,790.5,5.21,11.74
1997-03-27,773.88,5.22,11.68
1997-03-31,757.12,5.17,11.42
1997-04-01,759.64,5.16,11.62
1997-04-02,750.11,5.14,11.46
1997-04-03,750.32,5.12,11.85
1997-04-04,757.9,5.14,11.74
1997-04-07,762.13,5.15,11.95
1997-04-08,766.12,5.1,12.24
1997-04-09,760.6,5.1,12.21
1997-04-10,758.34,5.14,12.06
1997-04-11,737.65,5.15,11.84
1997-04-14,743.73,5.15,12.13
1997-04-15,754.72,5.14,12.1
1997-04-16,763.53,5.15,12.24
1997-04-17,761.77,5.14,12.23
1997-04-18,766.34,5.14,13.41
1997-04-21,760.37,5.15,13.41
1997-04-22,774.61,5.2,13.78
1997-04-23,773.64,5.2,14.34
1997-04-24,771.18,5.17,14.22
1997-04-25,765.37,5.16,14.16
1997-04-28,772.96,5.18,14.31
1997-04-29,794.05,5.12,14.83
1997-04-30,801.34,5.1,15.14
1997-05-01,798.53,5.09,15.08
1997-05-02,812.97,5.09,15.05
1997-05-05,830.29,5.01,14.98
1997-05-06,827.76,5.04,14.62
1997-05-07,815.62,5.09,14.39
1997-05-08,820.26,5.06,14.5
1997-05-09,824.78,5.04,14.55
1997-05-12,837.66,5.02,14.72
1997-05-13,833.13,5.06,14.67
1997-05-14,836.04,5.03,14.44
1997-05-15,841.88,4.97,14.59
1997-05-16,829.75,5.05,14.38
1997-05-19,833.27,5.16,14.34
1997-05-20,841.66,5.11,14.84
1997-05-21,839.35,4.99,15.0
1997-05-22,835.66,5.02,15.03
1997-05-23,847.03,5.03,15.31
1997-05-27,849.71,4.98,15.78
1997-05-28,847.21,5.0,15.68
1997-05-29,844.08,4.9,15.68
1997-05-30,848.28,4.82,15.45
1997-06-02,846.36,4.78,15.5
1997-06-03,845.48,4.95,15.05
1997-06-04,840.11,4.96,14.85
1997-06-05,843.43,4.98,15.02
1997-06-06,858.01,4.92,15.46
1997-06-09,862.91,4.9,15.59
1997-06-10,865.27,4.91,15.55
1997-06-11,869.57,4.85,15.82
1997-06-12,883.46,4.83,15.82
1997-06-13,893.27,4.84,16.15
1997-06-16,893.9,4.83,16.37
1997-06-17,894.42,4.91,16.72
1997-06-18,889.06,4.93,16.22
1997-06-19,897.99,4.94,16.11
1997-06-20,898.7,4.94,16.18
1997-06-23,878.62,5.03,15.96
1997-06-24,896.34,5.0,16.45
1997-06-25,888.99,4.97,16.25
1997-06-26,883.68,4.99,15.98
1997-06-27,887.3,5.0,15.89
1997-06-30,885.14,5.05,15.75
1997-07-01,891.03,5.1,15.57
1997-07-02,904.03,5.09,16.0
1997-07-03,916.92,5.0,16.14
1997-07-07,912.2,4.94,16.14
1997-07-08,918.75,4.96,16.35
1997-07-09,907.54,4.97,16.29
1997-07-10,913.78,4.99,16.18
1997-07-11,916.68,4.99,16.17
1997-07-14,918.38,5.0,16.94
1997-07-15,925.76,5.06,17.25
1997-07-16,936.59,5.04,18.5
1997-07-17,931.61,5.07,18.63
1997-07-18,915.3,5.11,17.51
1997-07-21,912.94,5.13,16.94
1997-07-22,933.98,5.09,17.96
1997-07-23,936.56,5.05,17.62
1997-07-24,940.3,5.07,17.19
1997-07-25,938.79,5.08,17.26
1997-07-28,936.45,5.1,17.07
1997-07-29,942.29,5.09,17.44
1997-07-30,952.29,5.09,17.58
1997-07-31,954.31,5.1,17.62
1997-08-01,947.14,5.13,17.52
1997-08-04,950.3,5.14,17.64
1997-08-05,952.37,5.14,17.86
1997-08-06,960.32,5.14,17.87
1997-08-07,951.19,5.15,17.93
1997-08-08,933.54,5.14,17.44
1997-08-11,937.0,5.16,17.23
1997-08-12,926.53,5.17,16.95
1997-08-13,922.02,5.17,16.95
1997-08-14,924.77,5.18,16.98
1997-08-15,900.81,5.13,16.56
1997-08-18,912.49,5.11,16.68
1997-08-19,926.01,5.08,17.3
1997-08-20,939.35,5.09,17.51
1997-08-21,925.05,5.12,17.18
1997-08-22,923.54,5.09,17.1
1997-08-25,920.16,5.14,17.01
1997-08-26,913.02,5.12,16.82
1997-08-27,913.7,5.13,16.77
1997-08-28,903.67,5.09,16.45
1997-08-29,899.47,5.09,16.47
1997-09-02,927.58,5.05,17.09
1997-09-03,927.86,5.01,17.02
1997-09-04,930.87,5.0,17.22
1997-09-05,929.05,5.02,17.11
1997-09-08,931.2,5.0,17.36
1997-09-09,933.62,4.99,17.38
1997-09-10,919.03,4.96,16.84
1997-09-11,912.59,4.98,17.05
1997-09-12,923.91,4.96,17.19
1997-09-15,919.77,4.99,16.28
1997-09-16,945.64,4.92,16.99
1997-09-17,943.0,4.97,16.6
1997-09-18,947.29,4.95,16.48
1997-09-19,950.51,4.92,16.84
1997-09-22,955.43,4.89,16.61
1997-09-23,951.93,4.85,16.88
1997-09-24,944.48,4.8,16.5
1997-09-25,937.91,4.79,16.54
1997-09-26,945.22,4.85,16.62
1997-09-29,953.34,4.86,16.76
1997-09-30,947.28,4.97,16.49
1997-10-01,955.41,4.96,16.68
1997-10-02,960.46,4.92,16.6
1997-10-03,965.03,4.89,16.81
1997-10-06,972.69,4.85,16.84
1997-10-07,983.12,4.92,17.02
1997-10-08,973.84,4.96,17.32
1997-10-09,970.62,4.98,17.31
1997-10-10,966.98,4.99,17.01
1997-10-13,968.1,4.99,17.04
1997-10-14,970.28,4.95,17.03
1997-10-15,965.72,4.92,16.91
1997-10-16,955.25,4.93,16.69
1997-10-17,944.16,4.89,16.48
1997-10-20,955.61,4.9,16.53
1997-10-21,972.28,4.96,17.26
1997-10-22,968.49,5.0,16.91
1997-10-23,950.69,4.97,16.9
1997-10-24,941.64,5.01,16.87
1997-10-27,876.99,4.95,16.06
1997-10-28,921.85,5.09,16.62
1997-10-29,919.16,5.05,16.31
1997-10-30,903.68,5.02,16.03
1997-10-31,914.62,5.06,16.2
1997-11-03,938.99,5.1,16.71
1997-11-04,940.76,5.1,16.73
1997-11-05,942.76,5.12,16.64
1997-11-06,938.03,5.15,16.45
1997-11-07,927.51,5.15,16.39
1997-11-10,921.13,5.2,16.22
1997-11-11,923.78,5.2,16.28
1997-11-12,905.96,5.15,16.1
1997-11-13,916.66,5.13,16.39
1997-11-14,928.35,5.12,16.61
1997-11-17,946.2,5.16,16.81
1997-11-18,938.23,5.15,16.7
1997-11-19,944.59,5.13,16.83
1997-11-20,958.98,5.13,17.06
1997-11-21,963.09,5.1,17.18
1997-11-24,946.67,5.14,16.88
1997-11-25,950.82,5.14,17.32
1997-11-26,951.64,5.09,17.64
1997-11-28,955.4,5.06,17.63
1997-12-01,974.77,5.09,17.92
1997-12-02,971.68,5.1,17.72
1997-12-03,976.77,5.1,18.03
1997-12-04,973.1,5.1,17.76
1997-12-05,983.79,5.16,17.83
1997-12-08,982.37,5.19,18.21
1997-12-09,975.78,5.1,17.98
1997-12-10,969.79,5.06,17.72
1997-12-11,954.94,5.05,17.33
1997-12-12,953.39,5.05,17.04
1997-12-15,963.39,5.09,16.96
1997-12-16,968.04,5.06,17.33
1997-12-17,965.54,5.09,16.9
1997-12-18,955.3,5.08,16.31
1997-12-19,946.78,5.24,16.03
1997-12-22,953.7,5.3,15.82
1997-12-23,939.13,5.34,15.36
1997-12-24,932.7,5.22,14.82
1997-12-26,936.46,5.18,15.05
1997-12-29,953.35,5.25,15.74
1997-12-30,970.84,5.24,16.23
1997-12-31,970.43,5.2,16.1
1998-01-02,975.04,5.17,16.34
1998-01-05,977.07,5.08,16.25
1998-01-06,966.58,5.08,16.34
1998-01-07,964.0,5.09,16.14
1998-01-08,956.05,4.96,16.26
1998-01-09,927.69,4.92,15.82
1998-01-12,939.21,4.92,16.14
1998-01-13,952.12,5.07,16.46
1998-01-14,957.94,5.04,16.34
1998-01-15,950.73,4.98,16.49
1998-01-16,961.51,5.0,16.85
1998-01-20,978.6,5.01,17.17
1998-01-21,970.81,4.99,17.07
1998-01-22,963.04,4.99,17.27
1998-01-23,957.59,5.04,17.23
1998-01-26,956.95,5.03,17.66
1998-01-27,969.02,5.11,18.09
1998-01-28,977.46,5.08,18.57
1998-01-29,985.49,5.05,18.47
1998-01-30,980.28,5.04,18.59
1998-02-02,1001.27,5.09,19.3
1998-02-03,1006.0,5.09,19.42
1998-02-04,1006.9,4.97,19.54
1998-02-05,1003.54,4.99,19.37
1998-02-06,1012.46,5.04,19.7
1998-02-09,1010.74,5.01,19.59
1998-02-10,1019.01,5.08,19.84
1998-02-11,1020.01,5.07,19.8
1998-02-12,1024.14,5.1,19.78
1998-02-13,1020.09,5.08,19.62
1998-02-17,1022.76,5.04,19.24
1998-02-18,1032.08,5.05,19.27
1998-02-19,1028.28,5.05,19.3
1998-02-20,1034.21,5.07,19.33
1998-02-23,1038.14,5.1,20.34
1998-02-24,1030.56,5.18,20.46
1998-02-25,1042.9,5.17,21.17
1998-02-26,1048.67,5.18,21.31
1998-02-27,1049.34,5.18,21.12
1998-03-02,1047.7,5.17,20.76
1998-03-03,1052.02,5.07,21.06
1998-03-04,1047.33,5.03,20.51
1998-03-05,1035.05,5.03,19.95
1998-03-06,1055.69,5.01,20.62
1998-03-09,1052.31,5.01,19.83
1998-03-10,1064.25,4.96,20.31
1998-03-11,1068.47,4.94,20.11
1998-03-12,1069.92,4.94,20.4
1998-03-13,1068.61,4.96,20.53
1998-03-16,1079.27,4.96,20.43
1998-03-17,1080.45,5.01,20.03
1998-03-18,1085.52,5.02,20.37
1998-03-19,1089.74,5.03,20.43
1998-03-20,1099.16,5.04,20.39
1998-03-23,1095.55,5.01,20.9
1998-03-24,1105.65,5.01,21.17
1998-03-25,1101.93,5.02,22.13
1998-03-26,1100.8,5.06,21.99
1998-03-27,1095.44,5.06,21.88
1998-03-30,1093.6,5.08,21.91
1998-03-31,1101.75,4.99,22.3
1998-04-01,1108.15,4.97,22.52
1998-04-02,1120.01,4.96,22.75
1998-04-03,1122.7,4.93,23.18
1998-04-06,1121.38,4.97,22.41
1998-04-07,1109.55,4.91,21.74
1998-04-08,1101.65,4.91,22.16
1998-04-09,1110.67,4.93,22.18
1998-04-13,1109.69,5.05,22.08
1998-04-14,1115.75,5.0,22.04
1998-04-15,1119.32,4.95,22.77
1998-04-16,1108.17,4.91,22.85
1998-04-17,1122.72,4.91,22.96
1998-04-20,1123.65,4.91,23.58
1998-04-21,1126.67,4.94,23.64
1998-04-22,1130.54,4.94,24.64
1998-04-23,1119.58,4.95,23.55
1998-04-24,1107.9,4.93,22.96
1998-04-27,1086.54,4.94,22.51
1998-04-28,1085.11,4.92,22.4
1998-04-29,1094.62,4.93,22.55
1998-04-30,1111.75,4.85,22.46
1998-05-01,1121.0,4.88,22.33
1998-05-04,1122.07,4.9,21.94
1998-05-05,1115.5,4.97,21.87
1998-05-06,1104.92,4.99,21.52
1998-05-07,1095.14,4.97,20.78
1998-05-08,1108.14,4.99,21.37
1998-05-11,1106.64,4.99,21.0
1998-05-12,1115.79,4.99,21.35
1998-05-13,1118.86,4.98,21.67
1998-05-14,1117.37,5.03,22.16
1998-05-15,1108.73,5.03,22.29
1998-05-18,1105.82,5.04,21.45
1998-05-19,1109.52,5.07,21.56
1998-05-20,1119.06,5.06,21.37
1998-05-21,1114.64,5.1,21.52
1998-05-22,1110.47,5.07,21.32
1998-05-26,1094.02,5.0,20.84
1998-05-27,1092.23,4.95,21.43
1998-05-28,1097.6,4.92,21.51
1998-05-29,1090.82,4.89,21.13
1998-06-01,1090.98,4.86,20.87
1998-06-02,1093.22,4.97,21.31
1998-06-03,1082.73,4.99,21.01
1998-06-04,1094.83,4.98,21.45
1998-06-05,1113.86,4.97,21.49
1998-06-08,1115.72,4.98,21.35
1998-06-09,1118.41,5.0,21.7
1998-06-10,1112.28,5.0,21.43
1998-06-11,1094.58,4.96,21.26
1998-06-12,1098.84,4.98,21.37
1998-06-15,1077.01,4.97,21.42
1998-06-16,1087.59,5.02,22.4
1998-06-17,1107.11,5.08,22.69
1998-06-18,1106.37,5.04,22.72
1998-06-19,1100.65,5.02,23.6
1998-06-22,1103.21,4.98,23.88
1998-06-23,1119.49,4.94,25.11
1998-06-24,1132.88,4.91,26.15
1998-06-25,1129.28,4.86,25.31
1998-06-26,1133.2,4.86,26.03
1998-06-29,1138.49,4.87,26.77
1998-06-30,1133.84,4.97,27.01
1998-07-01,1148.56,4.95,27.25
1998-07-02,1146.42,4.93,26.73
1998-07-06,1157.33,4.92,26.87
1998-07-07,1154.66,4.97,26.9
1998-07-08,1166.38,4.95,27.38
1998-07-09,1158.56,4.93,27.66
1998-07-10,1164.33,4.92,28.21
1998-07-13,1165.19,4.94,29.3
1998-07-14,1177.58,5.02,29.03
1998-07-15,1174.81,5.0,29.25
1998-07-16,1183.99,5.02,29.25
1998-07-17,1186.75,5.01,29.39
1998-07-20,1184.1,4.99,29.16
1998-07-21,1165.07,4.93,28.11
1998-07-22,1164.08,4.93,29.09
1998-07-23,1139.75,4.96,28.16
1998-07-24,1140.8,4.94,28.36
1998-07-27,1147.27,4.94,29.09
1998-07-28,1130.24,4.92,27.97
1998-07-29,1125.21,4.93,27.58
1998-07-30,1142.95,4.92,28.27
1998-07-31,1120.67,4.95,27.4
1998-08-03,1112.44,4.97,27.02
1998-08-04,1072.12,4.95,26.04
1998-08-05,1081.43,4.94,25.99
1998-08-06,1089.63,4.88,26.63
1998-08-07,1089.45,4.87,26.38
1998-08-10,1083.14,4.85,26.03
1998-08-11,1068.98,4.88,25.78
1998-08-12,1084.22,4.9,26.18
1998-08-13,1074.91,4.92,25.9
1998-08-14,1062.75,4.9,25.98
1998-08-17,1083.67,4.92,26.74
1998-08-18,1101.2,4.95,27.72
1998-08-19,1098.06,4.93,27.55
1998-08-20,1091.6,4.91,28.05
1998-08-21,1081.24,4.87,27.57
1998-08-24,1088.14,4.93,27.5
1998-08-25,1092.85,4.94,28.11
1998-08-26,1084.19,4.92,28.05
1998-08-27,1042.59,4.84,27.23
1998-08-28,1027.14,4.78,26.23
1998-08-31,957.28,4.76,23.91
1998-09-01,994.26,4.77,25.23
1998-09-02,990.48,4.77,25.06
1998-09-03,982.26,4.71,24.73
1998-09-04,973.89,4.73,24.08
1998-09-08,1023.46,4.73,25.41
1998-09-09,1006.2,4.75,25.48
1998-09-10,980.19,4.65,25.11
1998-09-11,1009.06,4.73,25.98
1998-09-14,1029.72,4.75,26.42
1998-09-15,1037.68,4.66,26.99
1998-09-16,1045.48,4.63,26.96
1998-09-17,1018.87,4.57,26.15
1998-09-18,1020.09,4.49,26.26
1998-09-21,1023.89,4.59,26.88
1998-09-22,1029.63,4.69,27.21
1998-09-23,1066.09,4.57,28.31
1998-09-24,1042.72,4.48,27.44
1998-09-25,1044.75,4.41,28.17
1998-09-28,1048.69,4.37,27.74
1998-09-29,1049.02,4.32,28.13
1998-09-30,1017.01,4.25,27.43
1998-10-01,986.39,4.13,25.93
1998-10-02,1002.6,4.1,25.95
1998-10-05,988.56,4.02,25.22
1998-10-06,984.59,4.05,24.33
1998-10-07,970.68,4.05,23.45
1998-10-08,959.44,3.73,22.72
1998-10-09,984.39,3.81,24.14
1998-10-12,997.71,3.81,24.86
1998-10-13,994.8,3.81,24.03
1998-10-14,1005.53,3.92,24.97
1998-10-15,1047.49,4.02,26.28
1998-10-16,1056.42,3.53,26.18
1998-10-19,1062.39,3.69,25.65
1998-10-20,1063.93,3.91,24.98
1998-10-21,1069.92,3.9,26.52
1998-10-22,1078.48,3.86,27.41
1998-10-23,1070.67,3.87,26.51
1998-10-26,1072.32,3.99,26.68
1998-10-27,1065.34,4.06,26.28
1998-10-28,1068.09,4.18,26.34
1998-10-29,1085.93,4.21,26.57
1998-10-30,1098.67,4.21,26.38
1998-11-02,1111.6,4.3,26.37
1998-11-03,1110.84,4.38,26.21
1998-11-04,1118.67,4.45,26.29
1998-11-05,1133.85,4.43,26.51
1998-11-06,1141.01,4.55,27.24
1998-11-09,1130.2,4.51,27.58
1998-11-10,1128.26,4.44,27.93
1998-11-11,1120.97,4.44,27.68
1998-11-12,1117.69,4.39,27.1
1998-11-13,1125.72,4.35,27.41
1998-11-16,1135.87,4.41,27.12
1998-11-17,1139.32,4.3,27.88
1998-11-18,1144.48,4.32,27.35
1998-11-19,1152.61,4.32,27.85
1998-11-20,1163.55,4.35,28.31
1998-11-23,1188.21,4.47,29.7
1998-11-24,1182.99,4.49,30.33
1998-11-25,1186.87,4.45,30.96
1998-11-27,1192.33,4.43,31.91
1998-11-30,1163.63,4.42,30.4
1998-12-01,1175.28,4.38,32.27
1998-12-02,1171.25,4.37,31.59
1998-12-03,1150.14,4.33,30.43
1998-12-04,1176.74,4.36,31.74
1998-12-07,1187.7,4.38,33.28
1998-12-08,1181.38,4.31,32.69
1998-12-09,1183.49,4.31,33.3
1998-12-10,1165.02,4.36,32.78
1998-12-11,1166.46,4.39,33.39
1998-12-14,1141.2,4.39,31.88
1998-12-15,1162.83,4.38,32.86
1998-12-16,1161.94,4.34,33.33
1998-12-17,1179.98,4.34,33.49
1998-12-18,1188.03,4.38,34.34
1998-12-21,1202.84,4.43,35.0
1998-12-22,1203.57,4.41,34.5
1998-12-23,1228.54,4.46,35.78
1998-12-24,1226.27,4.45,35.32
1998-12-28,1225.49,4.45,35.48
1998-12-29,1241.81,4.48,35.01
1998-12-30,1231.93,4.43,34.64
1998-12-31,1229.23,4.35,34.56
1999-01-04,1228.1,4.37,35.14
1999-01-05,1244.78,4.37,36.51
1999-01-06,1272.34,4.37,37.69
1999-01-07,1269.73,4.31,37.5
1999-01-08,1275.09,4.36,37.35
1999-01-11,1263.88,4.39,36.76
1999-01-12,1239.51,4.36,35.43
1999-01-13,1234.4,4.34,35.84
1999-01-14,1212.19,4.31,35.32
1999-01-15,1243.26,4.32,37.32
1999-01-19,1252.0,4.28,38.78
1999-01-20,1256.62,4.29,40.53
1999-01-21,1235.16,4.21,39.45
1999-01-22,1225.19,4.25,38.94
1999-01-25,1233.98,4.29,40.34
1999-01-26,1252.31,4.35,42.75
1999-01-27,1243.17,4.36,42.02
1999-01-28,1265.37,4.37,43.36
1999-01-29,1279.64,4.36,43.61
1999-02-01,1273.0,4.41,43.1
1999-02-02,1261.99,4.41,41.77
1999-02-03,1272.07,4.36,41.57
1999-02-04,1248.49,4.36,39.64
1999-02-05,1239.4,4.39,39.87
1999-02-08,1243.77,4.4,41.18
1999-02-09,1216.14,4.41,39.89
1999-02-10,1223.55,4.37,40.03
1999-02-11,1254.04,4.39,40.56
1999-02-12,1230.13,4.42,39.31
1999-02-16,1241.87,4.4,38.94
1999-02-17,1224.03,4.41,37.38
1999-02-18,1237.28,4.41,36.32
1999-02-19,1239.22,4.45,36.82
1999-02-22,1272.14,4.49,37.08
1999-02-23,1271.18,4.54,38.74
1999-02-24,1253.41,4.54,38.1
1999-02-25,1245.02,4.5,38.25
1999-02-26,1238.33,4.55,37.41
1999-03-01,1236.16,4.58,37.82
1999-03-02,1225.5,4.54,37.02
1999-03-03,1227.7,4.48,37.29
1999-03-04,1246.64,4.48,37.94
1999-03-05,1275.47,4.49,38.61
1999-03-08,1282.73,4.5,39.62
1999-03-09,1279.84,4.47,40.32
1999-03-10,1286.84,4.47,40.22
1999-03-11,1297.68,4.48,40.23
1999-03-12,1294.59,4.47,39.92
1999-03-15,1307.26,4.46,41.34
1999-03-16,1306.38,4.43,42.13
1999-03-17,1297.82,4.4,41.65
1999-03-18,1316.55,4.37,42.97
1999-03-19,1299.29,4.38,42.66
1999-03-22,1297.01,4.39,43.06
1999-03-23,1262.14,4.38,41.51
1999-03-24,1268.59,4.38,42.68
1999-03-25,1289.99,4.39,44.84
1999-03-26,1282.8,4.39,44.39
1999-03-29,1310.17,4.39,46.04
1999-03-30,1300.75,4.37,46.35
1999-03-31,1286.37,4.36,44.67
1999-04-01,1293.72,4.3,46.2
1999-04-05,1321.12,4.29,47.32
1999-04-06,1317.89,4.29,46.88
1999-04-07,1326.89,4.28,46.51
1999-04-08,1343.98,4.27,47.13
1999-04-09,1348.35,4.26,46.97
1999-04-12,1358.63,4.22,46.35
1999-04-13,1349.82,4.17,44.92
1999-04-14,1328.44,4.16,42.8
1999-04-15,1322.85,4.19,44.29
1999-04-16,1319.0,4.22,43.17
1999-04-19,1289.48,4.21,40.37
1999-04-20,1306.17,4.25,41.43
1999-04-21,1336.12,4.24,40.87
1999-04-22,1358.82,4.27,42.33
1999-04-23,1356.85,4.31,42.86
1999-04-26,1360.04,4.35,43.86
1999-04-27,1362.8,4.37,41.87
1999-04-28,1350.91,4.38,40.93
1999-04-29,1342.83,4.38,40.9
1999-04-30,1335.18,4.43,40.52
1999-05-03,1354.63,4.46,39.81
1999-05-04,1332.0,4.49,38.9
1999-05-05,1347.31,4.48,39.43
1999-05-06,1332.05,4.48,38.85
1999-05-07,1345.0,4.47,39.4
1999-05-10,1340.3,4.47,39.72
1999-05-11,1355.61,4.48,39.81
1999-05-12,1364.0,4.47,40.12
1999-05-13,1367.56,4.45,39.43
1999-05-14,1337.8,4.5,38.31
1999-05-17,1339.49,4.55,39.43
1999-05-18,1333.32,4.53,39.22
1999-05-19,1344.23,4.5,39.53
1999-05-20,1338.83,4.48,39.09
1999-05-21,1330.29,4.46,38.66
1999-05-24,1306.65,4.5,38.5
1999-05-25,1284.4,4.51,38.0
1999-05-26,1304.76,4.52,39.12
1999-05-27,1281.41,4.52,39.06
1999-05-28,1301.84,4.51,40.22
1999-06-01,1294.26,4.54,39.12
1999-06-02,1294.81,4.6,39.09
1999-06-03,1299.54,4.52,38.06
1999-06-04,1327.75,4.43,39.65
1999-06-07,1334.52,4.39,40.0
1999-06-08,1317.33,4.48,39.56
1999-06-09,1318.64,4.47,41.02
1999-06-10,1302.82,4.53,39.81
1999-06-11,1293.64,4.59,38.93
1999-06-14,1294.0,4.57,38.66
1999-06-15,1301.16,4.59,38.72
1999-06-16,1330.41,4.55,40.37
1999-06-17,1339.9,4.51,41.3
1999-06-18,1342.84,4.52,42.36
1999-06-21,1349.0,4.55,44.33
1999-06-22,1335.88,4.61,43.11
1999-06-23,1333.06,4.59,42.86
1999-06-24,1315.78,4.59,42.17
1999-06-25,1315.31,4.66,42.33
1999-06-28,1331.35,4.67,43.24
1999-06-29,1351.45,4.7,43.86
1999-06-30,1372.71,4.67,44.95
1999-07-01,1380.96,4.57,45.45
1999-07-02,1391.22,4.54,45.85
1999-07-06,1388.12,4.52,44.64
1999-07-07,1395.86,4.53,46.01
1999-07-08,1394.42,4.54,46.13
1999-07-09,1403.28,4.56,46.48
1999-07-12,1399.1,4.56,46.94
1999-07-13,1393.56,4.58,46.66
1999-07-14,1398.17,4.58,47.32
1999-07-15,1409.62,4.57,47.03
1999-07-16,1418.78,4.54,49.56
1999-07-19,1407.65,4.52,49.03
1999-07-20,1377.1,4.49,46.51
1999-07-21,1379.29,4.47,47.19
1999-07-22,1360.97,4.48,45.38
1999-07-23,1356.94,4.52,44.98
1999-07-26,1347.76,4.57,43.67
1999-07-27,1362.84,4.58,44.26
1999-07-28,1365.4,4.57,44.86
1999-07-29,1341.03,4.58,43.33
1999-07-30,1328.72,4.62,42.77
1999-08-02,1328.05,4.65,42.27
1999-08-03,1322.18,4.69,42.24
1999-08-04,1305.33,4.66,42.33
1999-08-05,1313.71,4.58,42.74
1999-08-06,1300.29,4.66,42.42
1999-08-09,1297.8,4.74,41.77
1999-08-10,1281.43,4.81,41.34
1999-08-11,1301.93,4.77,41.96
1999-08-12,1298.16,4.66,40.74
1999-08-13,1327.68,4.6,42.21
1999-08-16,1330.77,4.63,42.02
1999-08-17,1344.16,4.68,42.14
1999-08-18,1332.84,4.63,42.36
1999-08-19,1323.59,4.63,41.77
1999-08-20,1336.61,4.69,41.55
1999-08-23,1360.22,4.77,43.08
1999-08-24,1363.5,4.85,45.95
1999-08-25,1381.79,4.79,47.5
1999-08-26,1362.01,4.78,47.16
1999-08-27,1348.27,4.84,46.48
1999-08-30,1324.02,4.85,45.98
1999-08-31,1320.41,4.85,46.13
1999-09-01,1331.07,4.82,46.04
1999-09-02,1319.11,4.78,45.76
1999-09-03,1357.24,4.77,47.78
1999-09-07,1350.45,4.69,46.97
1999-09-08,1344.15,4.69,45.98
1999-09-09,1347.66,4.68,46.88
1999-09-10,1351.66,4.62,47.35
1999-09-13,1344.13,4.63,46.78
1999-09-14,1336.29,4.69,47.38
1999-09-15,1317.97,4.62,46.16
1999-09-16,1318.48,4.56,46.85
1999-09-17,1335.42,4.55,48.07
1999-09-20,1335.53,4.54,48.62
1999-09-21,1307.58,4.65,47.16
1999-09-22,1310.51,4.68,47.88
1999-09-23,1280.41,4.67,45.45
1999-09-24,1277.36,4.67,45.32
1999-09-27,1283.31,4.67,45.57
1999-09-28,1282.2,4.67,45.91
1999-09-29,1268.37,4.68,44.61
1999-09-30,1282.71,4.71,45.13
1999-10-01,1282.81,4.71,44.85
1999-10-04,1304.6,4.7,46.13
1999-10-05,1301.35,4.73,45.76
1999-10-06,1325.4,4.67,46.69
1999-10-07,1317.64,4.7,46.72
1999-10-08,1336.02,4.67,47.32
1999-10-11,1335.21,4.67,47.0
1999-10-12,1313.04,4.72,46.13
1999-10-13,1285.55,4.84,45.38
1999-10-14,1283.42,4.87,45.2
1999-10-15,1247.41,4.89,43.89
1999-10-18,1254.13,4.93,43.79
1999-10-19,1261.32,4.99,43.02
1999-10-20,1289.43,4.99,45.98
1999-10-21,1283.61,4.98,46.38
1999-10-22,1301.65,4.92,46.2
1999-10-25,1293.63,4.9,46.07
1999-10-26,1281.91,4.99,46.04
1999-10-27,1296.71,4.99,45.29
1999-10-28,1342.44,4.95,44.79
1999-10-29,1362.93,4.96,46.13
1999-11-01,1354.12,4.98,46.04
1999-11-02,1347.74,4.98,46.13
1999-11-03,1354.93,4.97,45.85
1999-11-04,1362.64,4.94,45.73
1999-11-05,1370.23,4.98,45.63
1999-11-08,1377.01,5.04,44.83
1999-11-09,1365.28,5.04,44.29
1999-11-10,1373.46,5.05,43.42
1999-11-12,1396.06,5.08,44.45
1999-11-15,1394.39,5.11,43.36
1999-11-16,1420.07,5.14,43.52
1999-11-17,1410.71,5.09,42.36
1999-11-18,1424.94,5.08,42.33
1999-11-19,1422.0,5.08,42.86
1999-11-22,1420.94,5.07,44.76
1999-11-23,1404.64,5.13,44.67
1999-11-24,1417.08,5.13,45.7
1999-11-26,1416.62,5.13,45.41
1999-11-29,1407.83,5.17,44.95
1999-11-30,1388.91,5.15,45.38
1999-12-01,1397.72,5.1,46.45
1999-12-02,1409.04,5.09,47.25
1999-12-03,1433.3,5.09,47.91
1999-12-06,1423.33,5.09,47.57
1999-12-07,1409.17,5.07,46.35
1999-12-08,1403.88,5.06,45.73
1999-12-09,1408.11,5.1,46.23
1999-12-10,1417.04,5.12,46.78
1999-12-13,1415.22,5.21,48.16
1999-12-14,1403.17,5.21,49.19
1999-12-15,1413.33,5.18,54.05
1999-12-16,1418.78,5.22,56.66
1999-12-17,1421.03,5.28,57.44
1999-12-20,1418.09,5.38,56.19
1999-12-21,1433.43,5.42,57.75
1999-12-22,1436.13,5.38,58.59
1999-12-23,1458.34,5.3,58.53
1999-12-27,1457.1,5.28,59.37
1999-12-28,1457.66,5.26,58.56
1999-12-29,1463.46,5.09,58.78
1999-12-30,1464.47,5.01,58.62
1999-12-31,1469.25,5.17,58.19
2000-01-03,1455.22,5.27,58.09
2000-01-04,1399.42,5.27,56.13
2000-01-05,1402.11,5.27,56.72
2000-01-06,1403.45,5.24,54.82
2000-01-07,1441.47,5.22,55.54
2000-01-10,1457.6,5.23,55.95
2000-01-11,1438.56,5.27,54.51
2000-01-12,1432.25,5.28,52.74
2000-01-13,1449.68,5.22,53.73
2000-01-14,1465.15,5.25,55.95
2000-01-18,1455.14,5.23,57.47
2000-01-19,1455.9,5.35,53.33
2000-01-20,1445.57,5.3,52.83
2000-01-21,1441.36,5.3,51.71
2000-01-24,1401.53,5.33,50.46
2000-01-25,1410.03,5.4,51.24
2000-01-26,1404.09,5.41,49.53
2000-01-27,1398.56,5.41,49.22
2000-01-28,1360.16,5.47,48.97
2000-01-31,1394.46,5.53,48.78
2000-02-01,1409.28,5.55,51.31
2000-02-02,1409.12,5.5,50.24
2000-02-03,1424.97,5.43,51.64
2000-02-04,1424.37,5.49,53.11
2000-02-07,1424.24,5.47,53.14
2000-02-08,1441.72,5.52,54.79
2000-02-09,1411.71,5.49,51.83
2000-02-10,1416.83,5.5,52.83
2000-02-11,1387.12,5.48,49.81
2000-02-14,1389.94,5.46,49.65
2000-02-15,1402.05,5.58,49.12
2000-02-16,1387.67,5.55,48.65
2000-02-17,1388.26,5.57,49.65
2000-02-18,1346.09,5.57,47.38
2000-02-22,1352.17,5.6,46.75
2000-02-23,1360.69,5.64,46.97
2000-02-24,1353.43,5.64,47.22
2000-02-25,1333.36,5.62,45.51
2000-02-28,1348.05,5.66,45.63
2000-02-29,1366.42,5.64,44.54
2000-03-01,1379.19,5.6,45.26
2000-03-02,1381.76,5.59,46.54
2000-03-03,1409.17,5.63,47.91
2000-03-06,1391.28,5.65,45.16
2000-03-07,1355.62,5.65,46.29
2000-03-08,1366.7,5.67,47.63
2000-03-09,1401.69,5.66,49.84
2000-03-10,1395.07,5.68,50.34
2000-03-13,1383.62,5.71,48.84
2000-03-14,1359.15,5.71,47.41
2000-03-15,1392.14,5.69,47.53
2000-03-16,1458.47,5.7,47.53
2000-03-17,1464.47,5.7,49.53
2000-03-20,1456.63,5.73,48.53
2000-03-21,1493.87,5.74,51.21
2000-03-22,1500.64,5.74,51.46
2000-03-23,1527.35,5.73,55.76
2000-03-24,1527.46,5.72,55.67
2000-03-27,1523.86,5.68,51.86
2000-03-28,1507.73,5.71,51.99
2000-03-29,1508.52,5.72,53.42
2000-03-30,1487.92,5.71,51.52
2000-03-31,1498.58,5.72,52.95
2000-04-03,1505.97,5.69,45.29
2000-04-04,1494.73,5.67,44.14
2000-04-05,1487.37,5.7,43.05
2000-04-06,1501.34,5.71,42.86
2000-04-07,1516.35,5.71,44.39
2000-04-10,1504.46,5.69,42.89
2000-04-11,1500.59,5.67,41.8
2000-04-12,1467.17,5.67,39.56
2000-04-13,1440.51,5.64,39.5
2000-04-14,1356.56,5.64,36.94
2000-04-17,1401.44,5.64,37.81
2000-04-18,1441.61,5.64,40.15
2000-04-19,1427.47,5.64,39.22
2000-04-20,1434.54,5.62,39.34
2000-04-24,1429.86,5.6,33.2
2000-04-25,1477.44,5.63,34.57
2000-04-26,1460.99,5.59,33.89
2000-04-27,1464.92,5.58,34.79
2000-04-28,1452.43,5.65,34.76
2000-05-01,1468.25,5.67,36.6
2000-05-02,1446.29,5.74,34.82
2000-05-03,1415.1,5.74,35.17
2000-05-04,1409.57,5.72,35.11
2000-05-05,1432.63,5.79,35.45
2000-05-08,1424.17,5.89,34.79
2000-05-09,1412.14,5.96,33.8
2000-05-10,1383.05,5.93,32.99
2000-05-11,1407.81,5.91,33.83
2000-05-12,1420.96,5.96,34.29
2000-05-15,1452.36,5.93,34.57
2000-05-16,1466.04,6.01,34.64
2000-05-17,1447.8,5.91,33.74
2000-05-18,1437.21,5.73,32.99
2000-05-19,1406.95,5.7,32.43
2000-05-22,1400.72,5.7,31.99
2000-05-23,1373.86,5.78,31.49
2000-05-24,1399.05,5.74,32.67
2000-05-25,1381.52,5.66,30.65
2000-05-26,1378.02,5.65,30.62
2000-05-30,1422.45,5.6,31.59
2000-05-31,1420.6,5.49,31.18
2000-06-01,1448.81,5.56,32.18
2000-06-02,1477.26,5.7,33.05
2000-06-05,1467.63,5.71,33.33
2000-06-06,1457.84,5.82,34.7
2000-06-07,1471.36,5.75,35.14
2000-06-08,1461.67,5.75,34.29
2000-06-09,1456.95,5.75,34.29
2000-06-12,1446.0,5.67,33.33
2000-06-13,1469.44,5.72,33.83
2000-06-14,1470.54,5.66,35.14
2000-06-15,1478.73,5.65,36.07
2000-06-16,1464.46,5.64,36.16
2000-06-19,1486.0,5.64,36.73
2000-06-20,1475.95,5.62,37.35
2000-06-21,1479.13,5.64,40.22
2000-06-22,1452.18,5.66,39.81
2000-06-23,1441.48,5.69,38.72
2000-06-26,1455.31,5.65,39.62
2000-06-27,1450.55,5.65,39.28
2000-06-28,1454.82,5.64,39.34
2000-06-29,1442.39,5.67,38.47
2000-06-30,1454.6,5.7,39.87
2000-07-03,1469.54,5.87,39.87
2000-07-05,1446.23,5.81,39.12
2000-07-06,1456.67,5.84,40.34
2000-07-07,1478.9,5.85,40.87
2000-07-10,1475.62,5.88,39.59
2000-07-11,1480.88,5.92,39.43
2000-07-12,1492.92,5.99,40.03
2000-07-13,1495.84,5.98,39.84
2000-07-14,1509.98,5.97,39.34
2000-07-17,1510.49,5.96,38.97
2000-07-18,1493.74,5.97,39.12
2000-07-19,1481.96,5.98,36.44
2000-07-20,1495.57,6.0,37.29
2000-07-21,1480.19,5.94,36.04
2000-07-24,1464.29,5.97,35.17
2000-07-25,1474.47,6.01,34.39
2000-07-26,1452.42,5.99,33.8
2000-07-27,1449.62,6.02,34.57
2000-07-28,1419.89,6.0,34.73
2000-07-31,1430.83,6.02,34.79
2000-08-01,1438.1,6.06,34.23
2000-08-02,1438.7,6.05,34.57
2000-08-03,1452.56,6.04,35.01
2000-08-04,1462.93,6.04,34.45
2000-08-07,1479.32,6.04,34.89
2000-08-08,1482.8,6.07,36.94
2000-08-09,1472.87,6.05,37.01
2000-08-10,1460.25,6.06,36.19
2000-08-11,1471.84,6.09,36.1
2000-08-14,1491.56,6.08,35.98
2000-08-15,1484.43,6.08,35.7
2000-08-16,1479.85,6.08,35.39
2000-08-17,1496.07,6.07,35.67
2000-08-18,1491.72,6.07,35.39
2000-08-21,1499.48,6.08,35.2
2000-08-22,1498.13,6.08,35.51
2000-08-23,1505.97,6.09,35.26
2000-08-24,1508.31,6.09,35.45
2000-08-25,1506.45,6.11,35.2
2000-08-28,1514.09,6.13,35.54
2000-08-29,1509.84,6.12,35.36
2000-08-30,1502.59,6.12,34.89
2000-08-31,1517.68,6.11,34.79
2000-09-01,1520.77,6.08,34.98
2000-09-05,1507.08,6.06,34.95
2000-09-06,1492.25,6.01,34.61
2000-09-07,1502.51,6.0,34.92
2000-09-08,1494.5,5.96,34.54
2000-09-11,1489.26,5.94,34.29
2000-09-12,1481.99,5.91,33.95
2000-09-13,1484.91,5.91,34.02
2000-09-14,1480.87,5.95,32.8
2000-09-15,1465.81,5.96,31.99
2000-09-18,1444.51,5.95,31.4
2000-09-19,1459.9,5.97,32.4
2000-09-20,1451.34,5.97,32.02
2000-09-21,1449.05,5.96,31.99
2000-09-22,1448.72,5.97,31.52
2000-09-25,1439.03,5.98,30.53
2000-09-26,1427.21,5.98,31.24
2000-09-27,1426.57,6.01,30.22
2000-09-28,1458.29,6.05,30.56
2000-09-29,1436.51,6.03,30.06
2000-10-02,1436.23,6.01,29.47
2000-10-03,1426.46,6.05,28.19
2000-10-04,1434.32,6.04,27.63
2000-10-05,1436.28,6.05,27.6
2000-10-06,1408.99,6.05,27.69
2000-10-09,1402.03,6.05,27.01
2000-10-10,1387.02,6.04,27.19
2000-10-11,1364.59,6.04,27.79
2000-10-12,1329.78,6.0,27.1
2000-10-13,1374.17,6.0,26.79
2000-10-16,1374.62,6.04,25.11
2000-10-17,1349.97,6.09,25.14
2000-10-18,1342.13,6.12,25.79
2000-10-19,1388.76,6.12,30.84
2000-10-20,1396.93,6.12,32.49
2000-10-23,1395.78,6.15,30.97
2000-10-24,1398.13,6.16,30.65
2000-10-25,1364.9,6.18,30.53
2000-10-26,1364.44,6.16,32.12
2000-10-27,1379.58,6.15,33.74
2000-10-30,1398.66,6.18,34.42
2000-10-31,1429.4,6.15,34.32
2000-11-01,1421.22,6.17,34.7
2000-11-02,1428.32,6.17,35.04
2000-11-03,1426.69,6.19,34.02
2000-11-06,1432.19,6.22,34.64
2000-11-07,1431.87,6.22,35.14
2000-11-08,1409.28,6.21,34.61
2000-11-09,1400.14,6.18,35.32
2000-11-10,1365.98,6.17,33.58
2000-11-13,1351.26,6.17,33.11
2000-11-14,1382.95,6.15,34.29
2000-11-15,1389.81,6.17,34.92
2000-11-16,1372.32,6.15,34.36
2000-11-17,1367.72,6.15,34.42
2000-11-20,1342.62,6.16,33.49
2000-11-21,1347.35,6.17,33.77
2000-11-22,1322.36,6.17,34.02
2000-11-24,1341.77,6.17,34.86
2000-11-27,1348.97,6.13,35.23
2000-11-28,1336.09,6.1,33.39
2000-11-29,1341.93,6.05,32.43
2000-11-30,1314.95,6.01,28.6
2000-12-01,1315.23,6.04,28.22
2000-12-04,1324.97,5.98,28.13
2000-12-05,1376.54,5.9,29.84
2000-12-06,1351.46,5.9,28.25
2000-12-07,1343.55,5.92,26.48
2000-12-08,1369.89,5.9,27.13
2000-12-11,1380.2,5.89,28.94
2000-12-12,1371.18,5.89,29.1
2000-12-13,1359.99,5.43,28.53
2000-12-14,1340.93,5.87,27.66
2000-12-15,1312.15,5.83,24.52
2000-12-18,1322.74,5.78,23.83
2000-12-19,1305.6,5.75,22.33
2000-12-20,1264.74,5.67,20.68
2000-12-21,1274.86,5.22,21.65
2000-12-22,1305.95,5.12,23.15
2000-12-26,1315.19,5.59,23.36
2000-12-27,1328.92,5.6,23.15
2000-12-28,1334.22,5.7,22.21
2000-12-29,1320.28,5.73,21.62
2001-01-02,1283.27,5.68,21.62
2001-01-03,1347.56,5.53,23.89
2001-01-04,1333.34,5.24,24.14
2001-01-05,1298.35,4.97,24.49
2001-01-08,1295.86,5.05,24.39
2001-01-09,1300.8,5.09,25.82
2001-01-10,1313.27,5.14,26.36
2001-01-11,1326.82,5.16,27.41
2001-01-12,1318.55,5.13,26.66
2001-01-16,1326.65,5.21,26.2
2001-01-17,1329.47,5.22,26.39
2001-01-18,1347.97,5.14,27.66
2001-01-19,1342.54,5.09,30.4
2001-01-22,1342.9,5.1,29.97
2001-01-23,1360.4,5.09,30.18
2001-01-24,1364.3,5.13,31.37
2001-01-25,1357.51,5.12,30.81
2001-01-26,1354.95,5.03,31.9
2001-01-29,1364.17,4.98,32.15
2001-01-30,1373.73,4.88,31.59
2001-01-31,1366.01,4.84,30.43
2001-02-01,1373.47,4.85,31.09
2001-02-02,1349.47,4.92,30.31
2001-02-05,1354.31,4.95,30.87
2001-02-06,1352.26,4.93,31.18
2001-02-07,1340.89,4.93,32.24
2001-02-08,1332.53,4.94,31.03
2001-02-09,1314.76,4.91,29.47
2001-02-12,1330.31,4.92,29.28
2001-02-13,1318.8,4.91,29.0
2001-02-14,1315.92,4.93,29.1
2001-02-15,1326.61,4.94,29.31
2001-02-16,1301.53,4.88,28.56
2001-02-20,1278.94,4.91,27.85
2001-02-21,1255.27,4.88,28.03
2001-02-22,1252.82,4.87,27.51
2001-02-23,1245.86,4.75,28.28
2001-02-26,1267.65,4.7,29.68
2001-02-27,1257.94,4.68,29.59
2001-02-28,1239.94,4.72,29.41
2001-03-01,1241.23,4.7,29.58
2001-03-02,1234.18,4.71,28.25
2001-03-05,1241.41,4.72,28.63
2001-03-06,1253.8,4.65,29.62
2001-03-07,1261.89,4.56,30.25
2001-03-08,1264.74,4.55,29.53
2001-03-09,1233.42,4.6,28.25
2001-03-12,1180.16,4.54,25.89
2001-03-13,1197.66,4.51,27.01
2001-03-14,1166.71,4.42,26.91
2001-03-15,1173.56,4.38,26.76
2001-03-16,1150.53,4.41,27.19
2001-03-19,1170.81,4.44,27.07
2001-03-20,1142.62,4.38,26.26
2001-03-21,1122.14,4.19,24.95
2001-03-22,1117.58,4.15,26.91
2001-03-23,1139.83,4.17,28.19
2001-03-26,1152.69,4.15,27.94
2001-03-27,1182.17,4.24,29.03
2001-03-28,1153.29,4.23,27.69
2001-03-29,1147.95,4.22,27.6
2001-03-30,1160.33,4.18,27.26
2001-04-02,1145.87,4.15,27.82
2001-04-03,1106.46,4.04,26.6
2001-04-04,1103.25,4.0,25.89
2001-04-05,1151.44,3.99,28.28
2001-04-06,1128.43,3.84,28.0
2001-04-09,1137.59,3.83,28.48
2001-04-10,1168.38,3.83,29.74
2001-04-11,1165.89,3.98,29.92
2001-04-12,1183.5,3.9,30.99
2001-04-16,1179.68,4.03,30.3
2001-04-17,1191.81,4.0,30.64
2001-04-18,1238.16,3.8,32.61
2001-04-19,1253.69,3.76,33.91
2001-04-20,1242.98,3.67,34.39
2001-04-23,1224.36,3.63,34.02
2001-04-24,1209.47,3.69,33.67
2001-04-25,1228.75,3.74,34.73
2001-04-26,1234.52,3.73,34.45
2001-04-27,1253.05,3.74,33.45
2001-04-30,1249.46,3.83,33.77
2001-05-01,1266.44,3.81,34.97
2001-05-02,1267.43,3.79,34.77
2001-05-03,1248.58,3.75,34.16
2001-05-04,1266.61,3.64,35.26
2001-05-07,1263.51,3.62,35.58
2001-05-08,1261.2,3.59,35.91
2001-05-09,1255.54,3.63,35.09
2001-05-10,1255.18,3.62,34.89
2001-05-11,1245.67,3.68,34.59
2001-05-14,1248.92,3.61,34.25
2001-05-15,1249.44,3.54,34.03
2001-05-16,1284.99,3.48,34.47
2001-05-17,1288.49,3.48,33.98
2001-05-18,1291.96,3.51,33.94
2001-05-21,1312.83,3.54,34.28
2001-05-22,1309.38,3.56,35.04
2001-05-23,1289.05,3.56,34.74
2001-05-24,1293.17,3.6,35.75
2001-05-25,1277.89,3.57,35.34
2001-05-29,1267.93,3.6,35.06
2001-05-30,1248.08,3.59,34.48
2001-05-31,1255.82,3.54,34.48
2001-06-01,1260.67,3.54,35.06
2001-06-04,1267.11,3.59,35.28
2001-06-05,1283.57,3.53,36.18
2001-06-06,1270.03,3.53,36.06
2001-06-07,1276.96,3.52,36.72
2001-06-08,1264.96,3.53,36.48
2001-06-11,1254.39,3.51,35.94
2001-06-12,1255.85,3.47,35.92
2001-06-13,1241.6,3.46,35.23
2001-06-14,1219.87,3.44,34.34
2001-06-15,1214.36,3.43,33.9
2001-06-18,1208.43,3.4,33.33
2001-06-19,1212.58,3.41,33.55
2001-06-20,1223.14,3.41,34.59
2001-06-21,1237.04,3.42,34.81
2001-06-22,1225.35,3.36,34.3
2001-06-25,1218.6,3.36,34.31
2001-06-26,1216.76,3.41,34.96
2001-06-27,1211.07,3.41,35.46
2001-06-28,1226.2,3.55,36.25
2001-06-29,1224.38,3.56,36.38
2001-07-02,1236.72,3.56,35.19
2001-07-03,1234.45,3.57,35.12
2001-07-05,1219.24,3.56,34.15
2001-07-06,1190.59,3.52,32.92
2001-07-09,1198.78,3.55,32.74
2001-07-10,1181.52,3.53,32.14
2001-07-11,1180.18,3.49,33.14
2001-07-12,1208.14,3.51,35.69
2001-07-13,1215.68,3.52,35.56
2001-07-16,1202.45,3.54,35.48
2001-07-17,1214.44,3.51,35.79
2001-07-18,1207.71,3.44,35.17
2001-07-19,1215.02,3.45,36.17
2001-07-20,1210.85,3.44,34.48
2001-07-23,1191.03,3.46,33.44
2001-07-24,1171.65,3.47,33.05
2001-07-25,1190.49,3.46,33.63
2001-07-26,1202.93,3.48,33.19
2001-07-27,1205.82,3.46,32.63
2001-07-30,1204.52,3.47,32.79
2001-07-31,1211.23,3.44,32.99
2001-08-01,1215.93,3.43,33.13
2001-08-02,1220.75,3.43,33.62
2001-08-03,1214.35,3.43,33.34
2001-08-06,1200.48,3.43,32.96
2001-08-07,1204.4,3.42,33.07
2001-08-08,1183.53,3.4,32.33
2001-08-09,1183.43,3.37,32.4
2001-08-10,1190.16,3.35,32.65
2001-08-13,1191.29,3.35,32.81
2001-08-14,1186.73,3.35,32.24
2001-08-15,1178.02,3.34,31.5
2001-08-16,1181.66,3.31,32.21
2001-08-17,1161.97,3.29,30.84
2001-08-20,1171.41,3.34,31.25
2001-08-21,1157.26,3.3,30.29
2001-08-22,1165.31,3.3,30.23
2001-08-23,1162.09,3.31,29.47
2001-08-24,1184.93,3.33,30.93
2001-08-27,1179.21,3.35,31.06
2001-08-28,1161.51,3.33,30.27
2001-08-29,1148.56,3.33,30.03
2001-08-30,1129.03,3.28,28.38
2001-08-31,1133.58,3.28,28.43
2001-09-04,1132.94,3.36,27.96
2001-09-05,1131.74,3.32,28.78
2001-09-06,1106.4,3.27,27.92
2001-09-07,1085.78,3.18,27.61
2001-09-10,1092.54,3.18,28.7
2001-09-17,1038.77,2.61,26.37
2001-09-18,1032.74,2.45,27.07
2001-09-19,1016.1,2.41,26.85
2001-09-20,984.54,2.21,25.3
2001-09-21,965.8,2.2,24.78
2001-09-24,1003.45,2.32,25.92
2001-09-25,1012.27,2.34,25.57
2001-09-26,1007.04,2.34,25.05
2001-09-27,1018.61,2.33,24.9
2001-09-28,1040.94,2.3,25.5
2001-10-01,1038.55,2.3,25.81
2001-10-02,1051.33,2.27,26.44
2001-10-03,1072.28,2.18,28.02
2001-10-04,1069.63,2.17,28.13
2001-10-05,1071.38,2.15,28.77
2001-10-08,1062.44,2.15,28.93
2001-10-09,1056.75,2.17,27.19
2001-10-10,1080.99,2.18,27.67
2001-10-11,1097.43,2.22,28.07
2001-10-12,1091.65,2.19,28.1
2001-10-15,1089.98,2.21,28.94
2001-10-16,1097.54,2.16,29.13
2001-10-17,1077.09,2.17,27.93
2001-10-18,1068.61,2.15,28.28
2001-10-19,1073.48,2.15,28.86
2001-10-22,1089.9,2.18,29.98
2001-10-23,1084.78,2.15,30.12
2001-10-24,1085.2,2.12,30.56
2001-10-25,1100.09,2.1,31.18
2001-10-26,1104.61,2.1,31.0
2001-10-29,1078.3,2.06,29.72
2001-10-30,1059.79,1.99,29.35
2001-10-31,1059.78,2.01,28.98
2001-11-01,1084.1,2.01,30.82
2001-11-02,1087.2,1.95,30.6
2001-11-05,1102.84,1.97,31.53
2001-11-06,1118.86,1.82,32.29
2001-11-07,1115.8,1.76,32.02
2001-11-08,1118.54,1.81,32.11
2001-11-09,1120.31,1.8,32.5
2001-11-12,1118.33,1.8,32.79
2001-11-13,1139.09,1.8,33.84
2001-11-14,1141.21,1.84,32.87
2001-11-15,1142.24,1.87,32.95
2001-11-16,1138.65,1.89,32.77
2001-11-19,1151.06,1.9,33.16
2001-11-20,1142.66,1.9,32.6
2001-11-21,1137.03,1.91,31.92
2001-11-23,1150.34,1.93,32.25
2001-11-26,1157.42,1.94,32.47
2001-11-27,1149.5,1.86,31.77
2001-11-28,1128.52,1.83,31.3
2001-11-29,1140.2,1.76,32.32
2001-11-30,1139.45,1.73,32.0
2001-12-03,1129.9,1.74,32.28
2001-12-04,1144.8,1.71,32.89
2001-12-05,1170.35,1.73,33.94
2001-12-06,1167.1,1.71,34.22
2001-12-07,1158.31,1.65,33.81
2001-12-10,1139.93,1.68,33.42
2001-12-11,1136.76,1.61,33.55
2001-12-12,1137.07,1.64,33.87
2001-12-13,1119.38,1.66,33.03
2001-12-14,1123.09,1.68,33.61
2001-12-17,1134.36,1.71,34.38
2001-12-18,1142.92,1.68,34.52
2001-12-19,1149.56,1.67,34.63
2001-12-20,1139.93,1.64,33.27
2001-12-21,1144.89,1.66,33.66
2001-12-24,1144.65,1.69,33.53
2001-12-26,1149.37,1.71,33.73
2001-12-27,1157.13,1.7,33.82
2001-12-28,1161.02,1.68,33.83
2001-12-31,1148.08,1.67,33.02
2002-01-02,1154.67,1.7,33.41
2002-01-03,1165.27,1.69,34.5
2002-01-04,1172.51,1.68,34.34
2002-01-07,1164.89,1.66,34.17
2002-01-08,1160.71,1.65,34.58
2002-01-09,1155.14,1.65,34.24
2002-01-10,1156.55,1.65,34.53
2002-01-11,1145.6,1.59,34.19
2002-01-14,1138.41,1.54,34.13
2002-01-15,1146.19,1.56,34.66
2002-01-16,1127.57,1.57,33.83
2002-01-17,1138.88,1.6,34.82
2002-01-18,1127.58,1.58,32.94
2002-01-22,1119.31,1.64,32.13
2002-01-23,1128.18,1.67,31.77
2002-01-24,1132.15,1.67,32.2
2002-01-25,1133.28,1.68,31.8
2002-01-28,1133.06,1.69,31.81
2002-01-29,1100.64,1.7,31.06
2002-01-30,1113.57,1.69,31.32
2002-01-31,1130.2,1.72,31.75
2002-02-01,1122.2,1.71,31.23
2002-02-04,1094.44,1.72,30.46
2002-02-05,1090.02,1.72,30.48
2002-02-06,1083.51,1.7,30.1
2002-02-07,1080.17,1.69,29.8
2002-02-08,1096.22,1.67,30.23
2002-02-11,1111.94,1.7,30.47
2002-02-12,1107.5,1.71,29.97
2002-02-13,1118.51,1.71,30.81
2002-02-14,1116.48,1.71,30.74
2002-02-15,1104.18,1.7,30.02
2002-02-19,1083.34,1.7,29.37
2002-02-20,1097.98,1.72,29.85
2002-02-21,1080.95,1.72,28.93
2002-02-22,1089.84,1.72,28.9
2002-02-25,1109.43,1.73,29.45
2002-02-26,1109.38,1.73,29.18
2002-02-27,1109.89,1.73,29.1
2002-02-28,1106.73,1.72,29.08
2002-03-01,1131.78,1.75,30.59
2002-03-04,1153.84,1.75,31.55
2002-03-05,1146.14,1.75,31.44
2002-03-06,1162.77,1.74,31.71
2002-03-07,1157.54,1.75,31.26
2002-03-08,1164.31,1.77,31.87
2002-03-11,1168.26,1.79,32.07
2002-03-12,1165.58,1.8,31.17
2002-03-13,1154.09,1.79,30.95
2002-03-14,1153.04,1.81,30.51
2002-03-15,1166.16,1.82,31.14
2002-03-18,1165.55,1.82,30.97
2002-03-19,1170.29,1.8,31.02
2002-03-20,1151.85,1.81,29.95
2002-03-21,1153.59,1.81,30.58
2002-03-22,1148.7,1.8,30.13
2002-03-25,1131.87,1.78,29.52
2002-03-26,1138.49,1.79,29.45
2002-03-27,1144.58,1.78,29.62
2002-03-28,1147.39,1.74,30.06
2002-04-01,1146.54,1.76,30.09
2002-04-02,1136.76,1.76,28.55
2002-04-03,1125.4,1.75,28.07
2002-04-04,1126.34,1.74,28.13
2002-04-05,1122.73,1.72,27.85
2002-04-08,1125.29,1.71,28.52
2002-04-09,1117.8,1.69,27.35
2002-04-10,1130.47,1.67,28.06
2002-04-11,1103.69,1.67,27.31
2002-04-12,1111.01,1.67,27.88
2002-04-15,1102.55,1.67,27.76
2002-04-16,1128.37,1.7,28.81
2002-04-17,1126.07,1.69,28.22
2002-04-18,1124.47,1.67,28.09
2002-04-19,1125.17,1.7,28.51
2002-04-22,1107.83,1.68,27.71
2002-04-23,1100.96,1.7,26.91
2002-04-24,1093.14,1.68,26.42
2002-04-25,1091.48,1.7,26.78
2002-04-26,1076.32,1.7,25.67
2002-04-29,1065.45,1.72,26.04
2002-04-30,1076.92,1.73,26.05
2002-05-01,1086.46,1.72,26.29
2002-05-02,1084.56,1.73,25.52
2002-05-03,1073.43,1.72,24.7
2002-05-06,1052.67,1.73,24.23
2002-05-07,1049.49,1.71,24.66
2002-05-08,1088.85,1.73,27.4
2002-05-09,1073.01,1.73,25.98
2002-05-10,1054.99,1.73,24.94
2002-05-13,1074.56,1.73,26.26
2002-05-14,1097.28,1.74,27.35
2002-05-15,1091.07,1.73,27.29
2002-05-16,1098.23,1.74,27.78
2002-05-17,1106.59,1.72,27.93
2002-05-20,1091.88,1.71,26.92
2002-05-21,1079.88,1.7,26.01
2002-05-22,1086.02,1.7,26.76
2002-05-23,1097.08,1.7,27.32
2002-05-24,1083.82,1.71,26.54
2002-05-28,1074.55,1.72,26.08
2002-05-29,1067.66,1.72,25.94
2002-05-30,1060.11,1.71,26.24
2002-05-31,1067.14,1.71,25.37
2002-06-03,1040.68,1.72,24.63
2002-06-04,1040.69,1.72,24.91
2002-06-05,1049.9,1.72,25.75
2002-06-06,1029.15,1.71,25.87
2002-06-07,1027.53,1.71,25.91
2002-06-10,1030.74,1.71,26.33
2002-06-11,1013.6,1.71,26.2
2002-06-12,1020.26,1.7,27.68
2002-06-13,1009.56,1.68,27.02
2002-06-14,1007.27,1.67,27.54
2002-06-17,1036.17,1.69,27.75
2002-06-18,1037.14,1.69,27.91
2002-06-19,1019.99,1.67,27.09
2002-06-20,1006.29,1.69,26.96
2002-06-21,989.14,1.68,26.06
2002-06-24,992.72,1.69,26.99
2002-06-25,976.14,1.69,26.39
2002-06-26,973.53,1.66,26.98
2002-06-28,989.82,1.66,27.26
2002-07-01,968.65,1.68,26.25
2002-07-02,948.09,1.68,25.64
2002-07-03,953.99,1.68,25.84
2002-07-05,989.03,1.68,27.34
2002-07-08,976.98,1.69,26.38
2002-07-09,952.83,1.68,26.52
2002-07-10,920.47,1.69,26.04
2002-07-11,927.37,1.68,26.37
2002-07-12,921.39,1.67,25.85
2002-07-15,917.93,1.67,25.82
2002-07-16,900.94,1.67,25.54
2002-07-17,906.04,1.69,25.92
2002-07-18,881.56,1.69,25.47
2002-07-19,847.75,1.67,24.7
2002-07-22,819.85,1.67,23.68
2002-07-23,797.7,1.66,21.44
2002-07-24,843.43,1.64,23.04
2002-07-25,838.68,1.66,21.35
2002-07-26,852.84,1.65,22.6
2002-07-29,898.96,1.68,24.05
2002-07-30,902.78,1.68,23.97
2002-07-31,911.62,1.66,23.91
2002-08-01,884.66,1.64,22.8
2002-08-02,864.24,1.59,22.13
2002-08-05,834.6,1.6,21.92
2002-08-06,859.57,1.61,22.76
2002-08-07,876.77,1.56,23.47
2002-08-08,905.46,1.58,24.38
2002-08-09,908.64,1.58,23.98
2002-08-12,903.8,1.63,24.16
2002-08-13,884.21,1.6,23.45
2002-08-14,919.62,1.6,24.78
2002-08-16,928.77,1.59,24.92
2002-08-19,950.7,1.62,25.92
2002-08-20,937.43,1.58,25.44
2002-08-21,949.36,1.6,26.06
2002-08-22,962.7,1.61,26.53
2002-08-23,940.86,1.62,26.03
2002-08-26,947.95,1.62,25.97
2002-08-27,934.82,1.64,25.34
2002-08-28,917.87,1.64,24.61
2002-08-29,917.8,1.64,25.21
2002-08-30,916.07,1.64,24.46
2002-09-03,878.02,1.61,23.43
2002-09-04,893.4,1.59,24.03
2002-09-05,879.15,1.58,22.88
2002-09-06,893.92,1.62,23.83
2002-09-09,902.96,1.64,24.27
2002-09-10,909.58,1.63,24.82
2002-09-11,909.45,1.65,24.21
2002-09-12,886.91,1.65,23.5
2002-09-13,889.81,1.65,23.88
2002-09-17,873.52,1.66,23.57
2002-09-18,869.46,1.64,23.8
2002-09-19,843.32,1.62,23.52
2002-09-20,845.39,1.61,23.65
2002-09-23,833.7,1.62,22.54
2002-09-24,819.29,1.61,22.75
2002-09-25,839.66,1.62,23.18
2002-09-26,854.95,1.62,23.03
2002-09-27,827.37,1.6,22.55
2002-09-30,815.28,1.53,21.8
2002-10-01,847.91,1.55,23.04
2002-10-02,827.91,1.54,22.73
2002-10-03,818.95,1.53,22.33
2002-10-04,800.58,1.57,21.81
2002-10-07,785.28,1.58,21.95
2002-10-08,798.55,1.57,22.42
2002-10-09,776.76,1.53,21.92
2002-10-10,803.92,1.54,23.12
2002-10-11,835.32,1.55,24.36
2002-10-14,841.44,1.54,24.57
2002-10-15,881.27,1.62,26.06
2002-10-16,860.02,1.62,25.12
2002-10-17,879.2,1.63,25.3
2002-10-18,884.39,1.63,26.49
2002-10-21,899.72,1.66,26.17
2002-10-22,890.16,1.66,25.75
2002-10-23,896.14,1.64,26.51
2002-10-24,882.5,1.62,25.53
2002-10-25,897.65,1.6,26.26
2002-10-28,890.23,1.55,25.89
2002-10-29,882.15,1.47,25.95
2002-10-30,890.71,1.47,26.47
2002-10-31,885.76,1.42,26.65
2002-11-01,900.96,1.4,26.42
2002-11-04,908.35,1.41,27.96
2002-11-05,915.39,1.39,28.25
2002-11-06,923.76,1.21,28.42
2002-11-07,902.65,1.2,27.92
2002-11-08,894.74,1.2,27.46
2002-11-11,876.19,1.2,26.84
2002-11-12,882.95,1.19,27.17
2002-11-13,882.53,1.19,27.59
2002-11-14,904.27,1.19,28.4
2002-11-15,909.83,1.2,28.25
2002-11-18,900.36,1.2,27.84
2002-11-19,896.74,1.19,27.34
2002-11-20,914.15,1.2,28.22
2002-11-21,933.76,1.2,28.83
2002-11-22,930.55,1.2,29.02
2002-11-25,932.87,1.2,29.02
2002-11-26,913.31,1.2,28.36
2002-11-27,938.87,1.21,28.95
2002-11-29,936.31,1.2,28.75
2002-12-02,934.53,1.21,28.75
2002-12-03,920.75,1.2,28.26
2002-12-05,906.55,1.19,28.18
2002-12-06,912.23,1.18,27.58
2002-12-09,892.0,1.2,27.65
2002-12-10,904.45,1.19,26.68
2002-12-11,904.96,1.18,26.92
2002-12-12,901.58,1.18,27.24
2002-12-13,889.48,1.19,27.0
2002-12-16,910.4,1.2,26.17
2002-12-17,902.99,1.19,27.15
2002-12-18,891.12,1.18,27.09
2002-12-19,884.25,1.18,26.68
2002-12-20,895.76,1.18,26.47
2002-12-23,897.38,1.16,26.43
2002-12-24,892.47,1.16,26.91
2002-12-26,889.66,1.15,26.82
2002-12-27,875.4,1.13,26.61
2002-12-30,879.39,1.16,26.4
2002-12-31,879.82,1.18,26.29
2003-01-02,909.03,1.19,25.77
2003-01-03,908.59,1.19,26.77
2003-01-06,929.01,1.18,26.81
2003-01-07,922.93,1.17,27.3
2003-01-08,909.93,1.17,27.81
2003-01-09,927.57,1.18,27.03
2003-01-10,927.57,1.17,27.82
2003-01-13,926.26,1.17,27.87
2003-01-14,931.66,1.17,28.1
2003-01-15,918.22,1.17,28.39
2003-01-16,914.6,1.16,28.04
2003-01-17,901.78,1.15,27.59
2003-01-21,887.62,1.15,25.65
2003-01-22,878.36,1.14,25.58
2003-01-23,887.34,1.14,25.42
2003-01-24,861.4,1.13,26.06
2003-01-27,847.48,1.14,24.85
2003-01-28,858.54,1.15,24.51
2003-01-29,864.36,1.15,24.33
2003-01-30,844.61,1.15,24.88
2003-01-31,855.7,1.15,24.04
2003-02-03,860.32,1.15,23.65
2003-02-04,848.2,1.15,24.2
2003-02-05,843.59,1.15,23.58
2003-02-06,838.15,1.14,23.4
2003-02-07,829.69,1.14,23.63
2003-02-10,835.97,1.15,23.22
2003-02-11,829.2,1.15,23.61
2003-02-12,818.68,1.15,23.15
2003-02-13,817.37,1.15,23.15
2003-02-14,834.89,1.15,23.42
2003-02-18,851.17,1.15,24.07
2003-02-19,845.13,1.16,24.88
2003-02-20,837.1,1.16,24.53
2003-02-21,848.17,1.17,24.14
2003-02-24,832.58,1.17,24.63
2003-02-25,838.57,1.17,24.07
2003-02-26,827.55,1.18,24.19
2003-02-27,837.28,1.18,23.61
2003-02-28,841.15,1.17,23.58
2003-03-03,834.81,1.17,23.7
2003-03-04,821.99,1.16,23.54
2003-03-05,829.85,1.15,23.07
2003-03-06,822.1,1.15,23.44
2003-03-07,828.89,1.1,23.27
2003-03-10,807.48,1.06,23.56
2003-03-11,800.73,1.06,22.95
2003-03-12,804.19,1.07,22.8
2003-03-13,831.9,1.1,23.39
2003-03-14,833.27,1.1,24.67
2003-03-17,862.79,1.12,24.86
2003-03-18,866.45,1.12,25.93
2003-03-19,874.02,1.13,26.04
2003-03-20,875.67,1.14,26.32
2003-03-21,895.79,1.16,26.25
2003-03-24,864.23,1.15,26.57
2003-03-25,874.74,1.15,25.29
2003-03-26,869.95,1.15,25.49
2003-03-27,868.52,1.13,25.25
2003-03-28,863.5,1.11,25.04
2003-03-31,848.18,1.09,24.67
2003-04-01,858.48,1.1,24.21
2003-04-02,880.9,1.1,24.35
2003-04-03,876.45,1.09,25.72
